modelo,origen,h,crps_cobre,cob50_cobre,cob90_cobre,crps_usdclp,cob50_usdclp,cob90_usdclp,crps_tpm,cob50_tpm,cob90_tpm,es
random_walk,2014-12-01,1,16.483657684335668,False,True,5.192282419112617,True,True,0.08311500390775117,True,True,0.1919932468534152
random_walk,2014-12-01,2,20.524743395370606,False,True,7.367838718139128,True,True,0.13034479703662483,True,True,0.2508900353974433
random_walk,2014-12-01,3,14.78077118231029,False,True,9.221938171675678,True,True,0.13701729607366836,True,True,0.23723300413753146
random_walk,2014-12-01,4,12.095537018471312,True,True,7.498819491805477,True,True,0.15511637532914324,True,True,0.21217638436880365
random_walk,2014-12-01,5,9.582494716203357,True,True,8.975917629798474,True,True,0.20213718559243415,True,True,0.22192898502468883
random_walk,2014-12-01,6,15.885430106078658,True,True,13.633484350141703,True,True,0.23405257830630954,True,True,0.3129076853745625
random_walk,2014-12-01,7,25.464812126110516,False,True,23.14725724688299,False,True,0.25249566801233536,True,True,0.48807285635899933
random_walk,2014-12-01,8,39.447186713098766,False,True,50.37271160057672,False,True,0.2721653202994183,True,True,0.8745571632931747
random_walk,2014-12-01,9,37.72404953548606,False,True,53.99664396434622,False,True,0.27906834612474773,True,True,0.9159652978500283
random_walk,2014-12-01,10,35.471935922564214,False,True,48.13665787759119,False,True,0.266665090367296,True,True,0.8418928052705769
random_walk,2014-12-01,11,51.055970840969884,False,True,63.83737330385796,False,False,0.2790941837461076,True,True,1.112001347723763
random_walk,2014-12-01,12,54.179542861211104,False,True,64.14146033758438,False,True,0.2995752624250567,True,True,1.1323548673226456
random_walk,2015-01-01,1,23.041642839758268,False,True,6.111726155330659,True,True,0.0743528142172693,True,True,0.24290095794823904
random_walk,2015-01-01,2,14.453464790982474,False,True,8.500382622936728,True,True,0.10235783602580234,True,True,0.21398869778565083
random_walk,2015-01-01,3,12.365727528106643,True,True,6.27373425374892,True,True,0.1333880206699285,True,True,0.19259730443286194
random_walk,2015-01-01,4,9.64137528203349,True,True,8.241093015680011,True,True,0.15202792396836434,True,True,0.20455860409577353
random_walk,2015-01-01,5,16.75396391250961,True,True,10.6653368065163,True,True,0.16637610912031853,True,True,0.28394084340566705
random_walk,2015-01-01,6,27.224347606247925,False,True,19.932066377234342,False,True,0.20071140330496096,True,True,0.4659825188127019
random_walk,2015-01-01,7,39.433334391268744,False,True,50.28309445882141,False,False,0.20698517241232417,True,True,0.8929030671482482
random_walk,2015-01-01,8,35.57513426024229,False,True,51.20150166552659,False,False,0.2370185442685947,True,True,0.8822832735623447
random_walk,2015-01-01,9,37.09604043916281,False,True,47.09586406116847,False,True,0.23381005609592465,True,True,0.8455482890008843
random_walk,2015-01-01,10,52.62778007673343,False,True,63.72655162523654,False,False,0.2685710191883285,True,True,1.1192198988983562
random_walk,2015-01-01,11,59.95931830413173,False,True,61.1098157635727,False,False,0.2863616759597042,True,True,1.141476996942544
random_walk,2015-01-01,12,64.66402925978721,False,True,75.25202881611204,False,False,0.34452335647587506,True,True,1.3375854405306893
random_walk,2015-02-01,1,12.69337316510369,False,True,9.419587998778342,False,True,0.08015637776854165,True,True,0.20687903202998384
random_walk,2015-02-01,2,9.685180094692146,True,True,4.937530879921303,True,True,0.11857203111534637,True,True,0.1583151723320101
random_walk,2015-02-01,3,9.134750689571625,True,True,6.741233140612952,True,True,0.13356291612506754,True,True,0.1756941038181688
random_walk,2015-02-01,4,14.924538089685392,True,True,10.413371861931946,True,True,0.148207952723855,True,True,0.2619685457713854
random_walk,2015-02-01,5,22.590248765400993,False,True,21.708154831518566,False,True,0.1811800523908091,True,True,0.4457377901652859
random_walk,2015-02-01,6,33.40453242074801,False,True,51.564172136157005,False,False,0.18399997955511477,True,True,0.8659469339621095
random_walk,2015-02-01,7,28.849614610464037,False,True,52.89263090210222,False,False,0.20794911738949462,True,True,0.8655749419672635
random_walk,2015-02-01,8,29.85660060518274,False,True,45.13705476011155,False,True,0.22914349007599555,True,True,0.7747576498408638
random_walk,2015-02-01,9,41.4591822053181,False,True,62.020632552144704,False,False,0.24003867851428917,True,True,1.0446182863678062
random_walk,2015-02-01,10,45.957465993937475,False,True,61.21907724641832,False,False,0.2666895959104745,True,True,1.0704135349654398
random_walk,2015-02-01,11,50.0661295812183,False,True,75.94005257488043,False,False,0.3198788373507597,True,True,1.2768301482837559
random_walk,2015-02-01,12,45.51444823372938,False,True,58.473190178116184,False,False,0.3255149074748236,True,True,1.048692285473983
random_walk,2015-03-01,1,9.712185116468412,False,True,3.9664294494761485,True,True,0.07167897805165335,True,True,0.13541541638672788
random_walk,2015-03-01,2,7.354015210737831,True,True,6.403652597453629,True,True,0.11416095229487894,True,True,0.15581518025717933
random_walk,2015-03-01,3,16.719791306673052,False,True,9.757890307025553,True,True,0.14516699910911646,True,True,0.2597741459777646
random_walk,2015-03-01,4,28.049961447906906,False,True,22.156689354691686,False,True,0.15705980781775258,True,True,0.46543560265534745
random_walk,2015-03-01,5,39.4301516914046,False,True,54.922610105769024,False,False,0.17389046039441475,True,True,0.9127477450693493
random_walk,2015-03-01,6,33.62861343264974,False,True,56.931605367158205,False,False,0.1779763840028072,True,True,0.9126617550883545
random_walk,2015-03-01,7,31.540418516031483,False,True,50.80144882892521,False,False,0.22288166575636958,True,True,0.8396716988198575
random_walk,2015-03-01,8,44.89322453923086,False,True,65.84182178463718,False,False,0.274072364307553,True,True,1.0897366784630496
random_walk,2015-03-01,9,49.65732527132016,False,True,65.48911807840918,False,False,0.29585415010219507,True,True,1.1151043832342058
random_walk,2015-03-01,10,52.925206561466965,False,True,81.47272556303584,False,False,0.341609083511591,True,True,1.3364292522863703
random_walk,2015-03-01,11,49.381893940638776,False,True,62.95509600193202,False,False,0.33426699113774605,True,True,1.1009324581610445
random_walk,2015-03-01,12,38.311845346704914,False,True,43.14754702083884,False,True,0.3449262622700925,True,True,0.8114659710123133
random_walk,2015-04-01,1,6.063676070972283,True,True,4.270280979134984,True,True,0.07760405553268468,True,True,0.11278065188628611
random_walk,2015-04-01,2,19.468721985299883,False,True,9.971695125530243,False,True,0.1116137588118849,True,True,0.2689850646801171
random_walk,2015-04-01,3,30.91854182273957,False,True,26.09853615682278,False,True,0.13450125725238637,True,True,0.5225111762144024
random_walk,2015-04-01,4,46.48260232672037,False,False,61.88188266559182,False,False,0.1578955003804533,True,True,1.0219034863471959
random_walk,2015-04-01,5,38.800782644933484,False,True,63.18683248544978,False,False,0.20025913801887285,True,True,1.0097533826312857
random_walk,2015-04-01,6,38.2509202760571,False,True,58.51637761783087,False,False,0.2353972995049044,True,True,0.9523704979972569
random_walk,2015-04-01,7,52.279483339756155,False,True,75.67750848821632,False,False,0.24799137005373706,True,True,1.2384180912693017
random_walk,2015-04-01,8,58.25806303407758,False,True,73.86523731371462,False,False,0.2861418396679961,True,True,1.251292030963076
random_walk,2015-04-01,9,65.54630698096963,False,True,90.40675889346342,False,False,0.3416976662361624,True,True,1.4965691630306766
random_walk,2015-04-01,10,57.96710488853026,False,True,72.82086839967181,False,False,0.35712103242283155,True,True,1.2512493894964494
random_walk,2015-04-01,11,45.211179662225945,False,True,50.77872457731051,False,True,0.3454349152458165,True,True,0.9457896287943153
random_walk,2015-04-01,12,47.52359979659331,False,True,40.84069111915395,False,True,0.3532969864998974,True,True,0.8569388657925182
random_walk,2015-05-01,1,18.01358505164726,False,True,10.927770602855626,False,True,0.08541181468414619,True,True,0.2649938311790489
random_walk,2015-05-01,2,30.78124774457918,False,True,26.760712636956583,False,False,0.11804219807643229,True,True,0.5197037405857088
random_walk,2015-05-01,3,41.27932319334818,False,True,60.04411364707527,False,False,0.14040281771167645,True,True,0.9782082316461423
random_walk,2015-05-01,4,36.61937041242585,False,True,62.715833122294754,False,False,0.1636530874069984,True,True,0.9936019602896506
random_walk,2015-05-01,5,33.42572348447649,False,True,55.82695439155535,False,False,0.19804362899618455,True,True,0.9005571341254396
random_walk,2015-05-01,6,46.8495401820821,False,True,73.60644998348798,False,False,0.2513420650116296,True,True,1.1963935852074385
random_walk,2015-05-01,7,50.52252615149072,False,True,72.80434215531989,False,False,0.2847740896476696,True,True,1.2192230456428468
random_walk,2015-05-01,8,55.903992465306565,False,True,90.4419465268257,False,False,0.34607330381582735,True,True,1.4751362764162017
random_walk,2015-05-01,9,51.12034090420939,False,True,71.813980230844,False,False,0.36216673909628483,True,True,1.2314479893559391
random_walk,2015-05-01,10,36.8482685609143,False,True,48.378731044072055,False,True,0.35082893614835986,True,True,0.8998545960680545
random_walk,2015-05-01,11,43.0465397856653,False,True,37.21470982984056,False,True,0.3743586588815735,True,True,0.8123929631632014
random_walk,2015-05-01,12,48.67653593235666,False,True,47.25002891108868,False,True,0.38803365795272227,True,True,0.955154747371353
random_walk,2015-06-01,1,34.41694395332861,False,False,28.229281224234462,False,False,0.08523412584059695,True,True,0.5424455458769006
random_walk,2015-06-01,2,48.132370731713344,False,False,65.01216626398988,False,False,0.12212583494445911,True,True,1.0624677587403506
random_walk,2015-06-01,3,41.770475495411574,False,False,66.05637407751567,False,False,0.16774698055707055,True,True,1.0504885620731497
random_walk,2015-06-01,4,39.06238337391635,False,True,56.36710786466833,False,False,0.1824868245737224,True,True,0.9182214087227176
random_walk,2015-06-01,5,57.00619295911315,False,False,71.33093661029444,False,False,0.2037097220005059,True,True,1.1961563383182905
random_walk,2015-06-01,6,62.30966835078024,False,False,68.86451811156803,False,False,0.2274970876052954,True,True,1.20326248315822
random_walk,2015-06-01,7,68.11100814011462,False,False,85.73469242477412,False,False,0.28237488746730477,True,True,1.4445629387152281
random_walk,2015-06-01,8,60.543197123206454,False,True,68.66685147136904,False,False,0.2874193623881657,True,True,1.2097421263631496
random_walk,2015-06-01,9,46.117009933318904,False,True,45.24806124868613,False,True,0.2690718734873241,True,True,0.8760168615510914
random_walk,2015-06-01,10,50.386627683409536,False,True,35.48737498652487,False,True,0.2718213158044217,True,True,0.8076578796899578
random_walk,2015-06-01,11,54.225037643368154,False,True,42.520405756928454,False,True,0.2880348266321715,True,True,0.9164601589980904
random_walk,2015-06-01,12,56.23733633240467,False,True,40.37462879278738,False,True,0.30003203485492436,True,True,0.9123049255568326
random_walk,2015-07-01,1,49.61590864799543,False,False,67.5540186237473,False,False,0.07355094175390806,True,True,1.1036022713539082
random_walk,2015-07-01,2,37.61245512052858,False,False,67.99214718941909,False,False,0.11524781074445495,True,True,1.0610622546758128
random_walk,2015-07-01,3,34.02916312588683,False,True,58.491853329594605,False,False,0.14121721871900833,True,True,0.9233653702415205
random_walk,2015-07-01,4,49.23394791456502,False,False,74.10322685694584,False,False,0.16751246344883097,True,True,1.2045924170700915
random_walk,2015-07-01,5,53.50011233672517,False,False,72.35516040326988,False,False,0.22476168046345452,True,True,1.2056697201772304
random_walk,2015-07-01,6,57.68442204906121,False,True,87.75520758132768,False,False,0.3086617515361582,True,True,1.4267296656531254
random_walk,2015-07-01,7,53.41765237068445,False,True,70.90683200863332,False,False,0.3308347422060285,True,True,1.2045484365276433
random_walk,2015-07-01,8,41.53022468872164,False,True,50.0201809745089,False,True,0.3310472961377767,True,True,0.8867120928598216
random_walk,2015-07-01,9,43.46119628937922,False,True,38.51629741908033,False,True,0.3465718236544697,True,True,0.7847837549521385
random_walk,2015-07-01,10,50.107397420133815,False,True,46.79609272656447,False,True,0.341662768701508,True,True,0.9208898085157886
random_walk,2015-07-01,11,53.81533896004129,False,True,45.31106424333097,False,True,0.36110240761064294,True,True,0.9382347052741529
random_walk,2015-07-01,12,45.747889325995594,False,True,27.51543429206041,False,True,0.3649815215663167,True,True,0.7147224243842402
random_walk,2015-08-01,1,42.94994085447311,False,False,68.69238205466084,False,False,0.07857203407313426,True,True,1.082487928644009
random_walk,2015-08-01,2,40.023218528130954,False,False,60.40260503801072,False,False,0.11763077555812723,True,True,0.9597397080026233
random_walk,2015-08-01,3,54.209548985115994,False,False,75.93693115093284,False,False,0.14848233687588236,True,True,1.230024317106142
random_walk,2015-08-01,4,61.319708261529044,False,False,73.0729169154641,False,False,0.17821580216901944,True,True,1.2368666538917734
random_walk,2015-08-01,5,68.64370940335405,False,False,91.09796206754064,False,False,0.23065561678398655,True,True,1.5012976204610289
random_walk,2015-08-01,6,61.64760219779383,False,False,71.13386667714266,False,False,0.23312398949518315,True,True,1.2262307784617144
random_walk,2015-08-01,7,46.45543733456833,False,True,46.77059521549299,False,False,0.24338196744983948,True,True,0.870060264512982
random_walk,2015-08-01,8,47.01214936948184,False,True,34.93873263114365,False,True,0.2612106251264147,True,True,0.7602666012805742
random_walk,2015-08-01,9,51.87790148956276,False,True,45.164643730954516,False,True,0.2726965352541809,True,True,0.895558834075317
random_walk,2015-08-01,10,51.86700112554644,False,True,43.51405329508725,False,True,0.29135505383446736,True,True,0.8808179901578724
random_walk,2015-08-01,11,42.7955957460642,False,True,25.30944243070924,False,True,0.30949130748837783,True,True,0.6574304133152763
random_walk,2015-08-01,12,45.241444369979085,False,True,26.225520966801046,False,True,0.33482128311516834,True,True,0.6860588507937486
random_walk,2015-09-01,1,41.54520806665669,False,False,64.38857647865936,False,False,0.09930304104849161,True,True,1.011122799824472
random_walk,2015-09-01,2,53.45987584038599,False,False,80.05090387547976,False,False,0.18114480069189304,True,True,1.264660312881821
random_walk,2015-09-01,3,56.73528278288369,False,False,78.68671125718257,False,False,0.23718492215789766,True,True,1.2695542200073375
random_walk,2015-09-01,4,60.61968768544352,False,False,93.04420433455834,False,False,0.3579427458928852,False,True,1.4803353390928744
random_walk,2015-09-01,5,53.273930048768165,False,False,74.20843508341142,False,False,0.34999916778068196,False,True,1.2108550175358217
random_walk,2015-09-01,6,40.635054984572555,False,True,48.26956543325535,False,False,0.34590307310649043,False,True,0.861996094084236
random_walk,2015-09-01,7,43.39662970378476,False,True,37.19296399825564,False,True,0.3579149441111197,False,True,0.7720004548763417
random_walk,2015-09-01,8,47.41762164584855,False,True,48.776009249029656,False,False,0.32375779555862805,True,True,0.9198929315725738
random_walk,2015-09-01,9,47.859485925761874,False,True,47.13378579111537,False,True,0.34188341801948774,True,True,0.9131779238356388
random_walk,2015-09-01,10,39.4723163834379,False,True,28.75932475041641,False,True,0.3579039412496381,True,True,0.6733016826809433
random_walk,2015-09-01,11,42.54540144808291,False,True,29.53989456175814,False,True,0.38488326054976674,True,True,0.7056620239854493
random_walk,2015-09-01,12,43.58086693054305,False,True,38.083282454971396,False,True,0.3721808570497269,True,True,0.7969612970692295
random_walk,2015-10-01,1,62.02808150645774,False,False,82.03729754348366,False,False,0.1299422193245667,True,True,1.3266483695331734
random_walk,2015-10-01,2,66.2901133260244,False,False,76.53070940644902,False,False,0.17424639684813442,True,True,1.2873126604128171
random_walk,2015-10-01,3,69.02382927737756,False,False,92.25066739704846,False,False,0.25385648072624284,False,True,1.4963418813392475
random_walk,2015-10-01,4,61.28792037846097,False,False,71.27948479757796,False,False,0.2597869618051172,True,True,1.2174843725554254
random_walk,2015-10-01,5,46.65956276502503,False,True,47.82601101414834,False,False,0.25672005747467314,True,True,0.8777102028573325
random_walk,2015-10-01,6,50.53352420676926,False,True,35.66160178332875,False,True,0.2841155432060116,True,True,0.7880899766214231
random_walk,2015-10-01,7,52.82833106409624,False,True,45.94838448413786,False,True,0.2789632049189134,True,True,0.9103299434330853
random_walk,2015-10-01,8,56.260115377813435,False,True,43.198172573301306,False,True,0.2942840880206127,True,True,0.8982298807315713
random_walk,2015-10-01,9,46.1261199578759,False,True,25.764337713495156,False,True,0.2840692602975675,True,True,0.6562864934592123
random_walk,2015-10-01,10,49.65048364330151,False,True,27.46881757274972,False,True,0.284377404928585,True,True,0.7036890658614825
random_walk,2015-10-01,11,50.41341001308052,False,True,34.4951530423848,False,True,0.2966129034854551,True,True,0.7825555269427484
random_walk,2015-10-01,12,47.93068352138299,False,True,30.847045163232483,False,True,0.2985945606131263,True,True,0.7414327260593568
random_walk,2015-11-01,1,67.66882271998188,False,False,81.26928021408378,False,False,0.2107988465729331,False,True,1.3356535579509234
random_walk,2015-11-01,2,66.76272837751853,False,False,96.69240527169762,False,False,0.3064834072957422,False,True,1.5206305214562912
random_walk,2015-11-01,3,55.62082183792353,False,False,72.73678739633887,False,False,0.30620115990687613,False,True,1.178952385817024
random_walk,2015-11-01,4,38.630004584484126,False,True,48.44548733606842,False,False,0.29853453867336627,True,True,0.8310824815079662
random_walk,2015-11-01,5,42.33321680066824,False,True,35.022862693945356,False,True,0.29486256953643947,True,True,0.7142069465590233
random_walk,2015-11-01,6,49.47991820180751,False,True,43.27828912496937,False,True,0.2895326698344528,True,True,0.8452708223461536
random_walk,2015-11-01,7,51.7805310612704,False,True,40.04721771846892,False,True,0.3235574213458088,True,True,0.8453159554885579
random_walk,2015-11-01,8,41.963778980991066,False,True,22.143553689091597,False,True,0.36673912858430313,True,True,0.6287804204808258
random_walk,2015-11-01,9,45.688760544811714,False,True,23.858388608935098,False,True,0.38547829134700873,True,True,0.6575563815424871
random_walk,2015-11-01,10,46.01752548199429,False,True,30.04490350591351,False,True,0.3801586133693615,True,True,0.7304935345975403
random_walk,2015-11-01,11,45.848774538041226,False,True,27.347856970302736,False,True,0.3921528991403851,True,True,0.7076298836298
random_walk,2015-11-01,12,28.541299077769878,True,True,29.524738837134343,False,True,0.37777087902953,True,True,0.6201399010150628
random_walk,2015-12-01,1,5.877455692348194,True,True,10.701679702445425,False,True,0.0924177302280956,True,True,0.18389968842608756
random_walk,2015-12-01,2,6.411524691804971,True,True,5.569078453565748,True,True,0.12018530044145714,True,True,0.14046555702491476
random_walk,2015-12-01,3,10.496194790567149,True,True,13.741055840504469,False,True,0.14085481857621562,True,True,0.25703074272406123
random_walk,2015-12-01,4,11.776664718684316,True,True,20.59105828043247,False,True,0.15697239154230852,True,True,0.3422161691683427
random_walk,2015-12-01,5,12.092358929521751,True,True,14.023442724350925,False,True,0.18750872107917604,True,True,0.2880499721336801
random_walk,2015-12-01,6,12.931669016100702,True,True,13.362969851397274,True,True,0.18981250313589587,True,True,0.2931392219372966
random_walk,2015-12-01,7,13.632980649005553,True,True,28.998355056032473,False,True,0.21159810682629188,True,True,0.45582349629844876
random_walk,2015-12-01,8,14.216750773327291,True,True,26.982161250694148,False,True,0.2116744829279923,True,True,0.4388279020908262
random_walk,2015-12-01,9,16.33863191267281,True,True,20.785476249201725,False,True,0.2377327447723827,True,True,0.3998524886163155
random_walk,2015-12-01,10,14.935354624896164,True,True,23.707155359495346,False,True,0.25178777376954076,True,True,0.43388768687724155
random_walk,2015-12-01,11,23.978398252537644,True,True,22.08557178070589,False,True,0.254979984746306,True,True,0.4774618513872687
random_walk,2015-12-01,12,29.042786031770724,True,True,22.730274621671683,False,True,0.2696230662864857,True,True,0.5223915764006264
random_walk,2016-01-01,1,4.1965656996204554,True,True,3.5408426643008273,True,True,0.11096933438305318,True,True,0.10456491107282226
random_walk,2016-01-01,2,9.70901644295352,True,True,14.116734516453345,False,True,0.1220490066044359,True,True,0.2495805695246442
random_walk,2016-01-01,3,8.866785377449034,True,True,23.67802780753117,False,True,0.1470990770530503,True,True,0.3499425581685391
random_walk,2016-01-01,4,9.202967362148922,True,True,14.336376842060968,False,True,0.16342042701089055,True,True,0.2625193410880653
random_walk,2016-01-01,5,10.115085055266015,True,True,14.726055694014931,False,True,0.19589700788680225,True,True,0.28133137446629153
random_walk,2016-01-01,6,12.632300595909825,True,True,29.753016854425855,False,True,0.19747684980455688,True,True,0.4551866664118299
random_walk,2016-01-01,7,11.547590125977745,True,True,26.42794157600409,False,True,0.205679112193088,True,True,0.4275874579682981
random_walk,2016-01-01,8,11.587355319119343,True,True,19.970855976888757,False,True,0.23111343396989492,True,True,0.37161621014519475
random_walk,2016-01-01,9,13.765890079393628,True,True,24.232038404318793,False,True,0.2415448246797275,True,True,0.4218435182141991
random_walk,2016-01-01,10,22.76554908559843,True,True,23.318478658306752,False,True,0.24148296901746735,True,True,0.4805144675309554
random_walk,2016-01-01,11,28.17534844027429,False,True,23.58747454649945,False,True,0.2658343038703802,True,True,0.5200657985935877
random_walk,2016-01-01,12,27.65315668556265,False,True,28.25094448330613,False,True,0.27057210508177254,True,True,0.5610453192510568
random_walk,2016-02-01,1,8.650969034994361,False,True,14.145938973965018,False,True,0.1282153388171655,True,True,0.23901342555602825
random_walk,2016-02-01,2,8.033558986614414,True,True,24.351748173120825,False,False,0.14445414696742975,True,True,0.3533221449747928
random_walk,2016-02-01,3,7.699308806065915,True,True,14.225434348232424,False,True,0.16260354658597587,True,True,0.2566566014826245
random_walk,2016-02-01,4,9.61858207682969,True,True,15.021847388910759,False,True,0.1773607592103485,True,True,0.2802619198923548
random_walk,2016-02-01,5,11.530820527842803,True,True,32.86038269379475,False,False,0.1915985767830481,True,True,0.48071586230132457
random_walk,2016-02-01,6,11.741494663179882,True,True,31.894023220626135,False,True,0.20777059699765255,True,True,0.4733441339196435
random_walk,2016-02-01,7,11.89984262347939,True,True,23.807707665921747,False,True,0.2231026462697278,True,True,0.3944201019560484
random_walk,2016-02-01,8,13.112985243643656,True,True,26.855945121444343,False,True,0.23839002077115212,True,True,0.4440625434227041
random_walk,2016-02-01,9,21.658104183271874,True,True,26.04516557202212,False,True,0.2417038269366898,True,True,0.4821614750746247
random_walk,2016-02-01,10,25.857983278638073,True,True,24.734100270821084,False,True,0.26646988318911324,True,True,0.5029559674776176
random_walk,2016-02-01,11,26.80234227503025,True,True,28.574168167434813,False,True,0.28060637605115024,True,True,0.5468684900422587
random_walk,2016-02-01,12,31.119637017696164,True,True,41.67501487478644,False,True,0.2884991593828987,True,True,0.7113545126524341
random_walk,2016-03-01,1,6.049509202381685,True,True,24.816798965973454,False,False,0.0984054687399522,True,True,0.33074421207776894
random_walk,2016-03-01,2,6.443854200664866,True,True,11.21347179342674,False,True,0.1318984261607169,True,True,0.20097792763288164
random_walk,2016-03-01,3,7.389143807071079,True,True,12.471637550264234,False,True,0.15912984460733398,True,True,0.2292311172750463
random_walk,2016-03-01,4,9.255720986852175,True,True,28.356768785247187,False,True,0.16400281504573028,True,True,0.409089024683745
random_walk,2016-03-01,5,10.565974752419638,True,True,26.610897653657812,False,True,0.18472920037287233,True,True,0.4059421413238977
random_walk,2016-03-01,6,12.137517698625615,True,True,18.91767102516585,False,True,0.1909166168374402,True,True,0.33410745222150817
random_walk,2016-03-01,7,12.317472973634512,True,True,20.629701393579253,False,True,0.22142011956855812,True,True,0.36188281014735635
random_walk,2016-03-01,8,22.285448193754135,False,True,19.900237568628732,False,True,0.23561702569525078,True,True,0.4156801857466017
random_walk,2016-03-01,9,28.956686229707252,False,True,20.511015357905155,False,True,0.24412104892887732,True,True,0.4694224306483207
random_walk,2016-03-01,10,31.976279014090615,False,True,24.06666624173268,False,True,0.25846801025835386,True,True,0.524110714567364
random_walk,2016-03-01,11,35.98041842118131,False,True,36.54133908353154,False,True,0.26529604960195474,True,True,0.6695636262588667
random_walk,2016-03-01,12,31.32672273724124,False,True,23.243472696556275,False,True,0.2688364942094088,True,True,0.5341765372399679
random_walk,2016-04-01,1,4.4388133172020865,True,True,15.586247616582373,False,True,0.11148938995567509,True,True,0.2272758691961683
random_walk,2016-04-01,2,6.752889834104096,True,True,13.114778756876921,False,True,0.12140798062815894,True,True,0.2171388780098849
random_walk,2016-04-01,3,9.30086196774667,True,True,31.409015775482512,False,False,0.14381738683786877,True,True,0.42856389111094195
random_walk,2016-04-01,4,9.039174596162926,True,True,27.257732854823562,False,True,0.1575165158529217,True,True,0.38493580168502484
random_walk,2016-04-01,5,10.325724537743564,True,True,19.823745689362465,False,True,0.16813135732424805,True,True,0.3307708566296004
random_walk,2016-04-01,6,12.398588456759597,True,True,23.073489405724523,False,True,0.18664091662962096,True,True,0.38429813171196237
random_walk,2016-04-01,7,21.842636013115655,True,True,21.742643542439236,False,True,0.2119613603712177,True,True,0.4297736437485741
random_walk,2016-04-01,8,27.76785762931391,False,True,20.60194152899125,False,True,0.22188743011516932,True,True,0.46510464960334774
random_walk,2016-04-01,9,31.097096079559144,False,True,22.984835930716063,False,True,0.22795775740155588,True,True,0.5196740718159013
random_walk,2016-04-01,10,35.93198358665646,False,True,37.71156280729063,False,True,0.24963359331490287,True,True,0.6896328817846022
random_walk,2016-04-01,11,34.242204891812214,False,True,24.047780234262248,False,True,0.2703127863253164,True,True,0.5539808870911344
random_walk,2016-04-01,12,30.935002915524656,True,True,26.977817460858642,False,True,0.32500956972415573,True,True,0.5814499370336075
random_walk,2016-05-01,1,4.61723061668223,True,True,14.571418167574606,False,True,0.1273507319280578,True,True,0.21527984928472838
random_walk,2016-05-01,2,8.957942980568525,True,True,32.45889774298449,False,False,0.1551045360538626,True,True,0.4384340321257814
random_walk,2016-05-01,3,8.757758918523873,True,True,28.480727706656445,False,False,0.17393084899619915,True,True,0.4076575204799712
random_walk,2016-05-01,4,9.453410531977163,True,True,21.282581691206925,False,True,0.18115390539185772,True,True,0.3375279299799832
random_walk,2016-05-01,5,11.053375464684077,True,True,25.176576290741107,False,True,0.19161663984174993,True,True,0.387694544178923
random_walk,2016-05-01,6,21.930134733869874,False,True,22.308286324844858,False,True,0.1914032034562136,True,True,0.43097778359762196
random_walk,2016-05-01,7,27.17495024422383,False,True,21.241870993121818,False,True,0.2202448027615695,True,True,0.46948195364433287
random_walk,2016-05-01,8,30.97213370031744,False,True,26.440156085013253,False,True,0.24439245509175778,True,True,0.5516598356686693
random_walk,2016-05-01,9,35.325117691809744,False,True,40.18009902442415,False,True,0.21664046642108348,True,True,0.7040898177885703
random_walk,2016-05-01,10,33.276759555225965,False,True,27.049727916298433,False,True,0.2285233759656865,True,True,0.569526590939144
random_walk,2016-05-01,11,28.512274207364896,False,True,29.93007342363674,False,True,0.2936010239132759,True,True,0.587886109411543
random_walk,2016-05-01,12,26.754445903487365,False,True,20.763095439865936,False,True,0.381936441942766,True,True,0.5065804226160981
random_walk,2016-06-01,1,6.587048340826621,True,True,36.258497460727796,False,False,0.09678841702322497,True,True,0.4637323903847514
random_walk,2016-06-01,2,6.6161846851932715,True,True,29.55136271718694,False,False,0.13352660774659592,True,True,0.3889464796060224
random_walk,2016-06-01,3,7.838071119999594,True,True,20.6148508924527,False,True,0.14951372195408275,True,True,0.312593073863283
random_walk,2016-06-01,4,9.699537525368601,True,True,23.764082874124835,False,True,0.16510521659017496,True,True,0.35933369638115303
random_walk,2016-06-01,5,21.744733051689792,False,True,21.80861720435088,False,True,0.18329592244782128,True,True,0.41880638639180856
random_walk,2016-06-01,6,26.308394679899926,False,True,20.364252366701834,False,True,0.2125009760880523,True,True,0.44442351614558007
random_walk,2016-06-01,7,28.72088867623331,False,True,24.748640952977514,False,True,0.2091301154016279,True,True,0.49485065827374475
random_walk,2016-06-01,8,33.54091667890686,False,True,37.346725288434484,False,True,0.2096847518253041,True,True,0.6507510085314234
random_walk,2016-06-01,9,29.321064716424907,False,True,23.89236371665194,False,True,0.23656304519870208,True,True,0.5016131113852003
random_walk,2016-06-01,10,26.044399541639415,False,True,26.451089124271167,False,True,0.3121800298114986,True,True,0.5345743220885417
random_walk,2016-06-01,11,22.9963689973384,True,True,17.91765905666528,True,True,0.4183184117779609,True,True,0.47399155649363756
random_walk,2016-06-01,12,24.570880805273752,True,True,19.64520793822234,True,True,0.5062612814587982,False,True,0.5342664066285623
random_walk,2016-07-01,1,5.561841507618983,True,True,36.984580537643026,False,False,0.11070181408315863,True,True,0.4695800605650884
random_walk,2016-07-01,2,7.772751561145171,True,True,23.834011580491556,False,False,0.13445439860291447,True,True,0.3297422496135776
random_walk,2016-07-01,3,9.57655292552656,True,True,26.638395898152712,False,True,0.15526931760383328,True,True,0.3784432797900685
random_walk,2016-07-01,4,21.21526592313668,False,True,23.467602715589017,False,True,0.17426832786415453,True,True,0.43000231154354907
random_walk,2016-07-01,5,28.167907329650955,False,True,22.33594016330235,False,True,0.19463870365683045,True,True,0.47138034264909245
random_walk,2016-07-01,6,28.573134293092924,False,True,26.661411047063062,False,True,0.2085892524188222,True,True,0.518897395396372
random_walk,2016-07-01,7,33.33160077908614,False,True,39.72604091891297,False,True,0.2118493483772938,True,True,0.6842025344656054
random_walk,2016-07-01,8,30.537953795662318,False,True,25.124874931988725,False,True,0.2274447579378347,True,True,0.544417264571432
random_walk,2016-07-01,9,27.006037056350934,True,True,29.527708513341203,False,True,0.2847264440679488,True,True,0.5754336430057493
random_walk,2016-07-01,10,25.545792392592396,True,True,20.178254886212557,False,True,0.3652646200845554,True,True,0.49769734243803776
random_walk,2016-07-01,11,26.542507284524,False,True,23.436121120376992,False,True,0.4339379062899972,True,True,0.5565534238521715
random_walk,2016-07-01,12,33.56729128510729,False,True,27.404606307366592,False,True,0.42578104012222673,True,True,0.6377406345093802
random_walk,2016-08-01,1,5.806669316010078,True,True,26.701608372739575,False,False,0.10288394105074394,True,True,0.3453623988947356
random_walk,2016-08-01,2,7.132996564960525,True,True,27.14793512929066,False,False,0.14143403321096137,True,True,0.37186293511845686
random_walk,2016-08-01,3,23.120505889569653,False,True,23.695145748560275,False,True,0.1695028446861982,True,True,0.43182419760687074
random_walk,2016-08-01,4,27.095055708911318,False,True,21.318018431332668,False,True,0.18641643896524307,True,True,0.452767037018385
random_walk,2016-08-01,5,27.871606861686956,False,True,27.666534397976193,False,True,0.20601698669074264,True,True,0.5190465261108645
random_walk,2016-08-01,6,34.72871508819031,False,True,40.79268354244682,False,True,0.1917670536084582,True,True,0.6914088452793488
random_walk,2016-08-01,7,31.087996845588343,False,True,27.04567974166824,False,True,0.2279749383836257,True,True,0.5460984519680828
random_walk,2016-08-01,8,28.865737901584403,False,True,29.90760343894424,False,True,0.28724824395802373,True,True,0.5796763656400873
random_walk,2016-08-01,9,28.38352602423847,False,True,20.51046020778962,True,True,0.40923750662417036,False,True,0.5205095369820844
random_walk,2016-08-01,10,30.976431962420193,False,True,24.60105315609882,False,True,0.44563733323270516,False,True,0.597809970545508
random_walk,2016-08-01,11,39.389764994884295,False,True,28.602307547024864,False,True,0.4618424901185856,False,True,0.6877083258061206
random_walk,2016-08-01,12,53.96373115789985,False,True,39.7248348978982,False,True,0.4573645058935566,False,True,0.8907317211980489
random_walk,2016-09-01,1,5.026841614102654,True,True,32.83587110992643,False,False,0.10899876889666918,True,True,0.416151642914205
random_walk,2016-09-01,2,24.717318713434853,False,True,27.55083091080614,False,False,0.13390498706049958,True,True,0.46706740900850463
random_walk,2016-09-01,3,31.01198227576331,False,True,24.516650231545952,False,True,0.14526991520851917,True,True,0.4876287348784102
random_walk,2016-09-01,4,33.06897827048073,False,True,28.193639342721188,False,True,0.17234416436264494,True,True,0.5460343047952136
random_walk,2016-09-01,5,39.214005612590164,False,True,43.336662219509506,False,False,0.1750560951105925,True,True,0.7332317460244424
random_walk,2016-09-01,6,33.487607433442925,False,True,27.775894460514678,False,True,0.18851169146831126,True,True,0.562809336969405
random_walk,2016-09-01,7,29.40043657750271,False,True,30.58609699769302,False,True,0.2630205090035442,True,True,0.5836814177623609
random_walk,2016-09-01,8,26.73513185968877,False,True,19.566309090736723,False,True,0.3462434963649357,True,True,0.49843857423907834
random_walk,2016-09-01,9,32.113665669006046,False,True,24.955285092379906,False,True,0.4325136626488617,False,True,0.5956358573430827
random_walk,2016-09-01,10,38.66659623703296,False,True,29.44294992029659,False,True,0.4193552717063631,False,True,0.6734858203076648
random_walk,2016-09-01,11,51.78668842508733,False,True,39.9518763664678,False,True,0.4337300814835606,False,True,0.856557835522098
random_walk,2016-09-01,12,55.93944642433854,False,True,54.41241431328169,False,True,0.4448236830841418,True,True,1.0079765227340531
random_walk,2016-10-01,1,26.16608272887195,False,False,27.926094127238542,False,False,0.10873460320639128,True,True,0.4617367235903707
random_walk,2016-10-01,2,31.207788666980925,False,True,24.776394354801482,False,False,0.12372894110693872,True,True,0.47427970821702276
random_walk,2016-10-01,3,31.26104192098017,False,True,27.743370102603937,False,False,0.12784610795622192,True,True,0.5120676141714258
random_walk,2016-10-01,4,37.18831319011011,False,True,42.38035093024149,False,False,0.1602828570562319,True,True,0.7022841380774771
random_walk,2016-10-01,5,32.138039627037,False,True,26.11922221048003,False,True,0.2073705215050205,True,True,0.5337060160357096
random_walk,2016-10-01,6,27.80576808784632,False,True,29.01851616171369,False,True,0.3138096266459132,False,True,0.5724823877069585
random_walk,2016-10-01,7,25.064559445732506,True,True,18.169060195945477,False,True,0.4291461324573726,False,True,0.4974709295366663
random_walk,2016-10-01,8,27.20465849862972,False,True,22.221539398844158,False,True,0.5278354882495382,False,True,0.5971773024391538
random_walk,2016-10-01,9,33.48020409388264,False,True,26.139800315121875,False,True,0.5043572036329605,False,True,0.6744043967015646
random_walk,2016-10-01,10,50.183766393704424,False,True,36.76170320512436,False,True,0.48406668818262377,False,True,0.8691240291019922
random_walk,2016-10-01,11,52.27056677730599,False,True,51.1048367073464,False,True,0.49139213246232116,False,True,1.020449119087376
random_walk,2016-10-01,12,58.870064826523794,False,True,47.32765093388918,False,True,0.5020789835507868,False,True,1.0342996005097524
random_walk,2016-11-01,1,36.386476830730246,False,False,27.722067773902815,False,False,0.10117296907609577,True,True,0.5271615200565474
random_walk,2016-11-01,2,35.59267506039765,False,True,30.371877043866167,False,False,0.12113691711897895,True,True,0.5667106222437254
random_walk,2016-11-01,3,42.8695471689351,False,True,44.980344974757784,False,False,0.13972103816372494,True,True,0.7585069326432973
random_walk,2016-11-01,4,38.58903544422866,False,True,26.760385831004278,False,True,0.18644306639162733,True,True,0.5656664071159576
random_walk,2016-11-01,5,32.32623984738156,False,True,29.556014950397955,False,True,0.27180689945329545,True,True,0.5736403525971312
random_walk,2016-11-01,6,26.16455439168219,False,True,16.27427812651921,False,True,0.40010926287468784,False,True,0.468348183107955
random_walk,2016-11-01,7,30.27644485691588,False,True,20.097679816850558,False,True,0.505863433236116,False,True,0.560197297539396
random_walk,2016-11-01,8,37.85065432105705,False,True,24.605185091160713,False,True,0.49689569735481764,False,True,0.6532851506613759
random_walk,2016-11-01,9,53.828553358974496,False,True,36.75494069472167,False,True,0.4804044681629537,False,True,0.8558233678257554
random_walk,2016-11-01,10,57.85806433002612,False,True,51.701814825158635,False,True,0.44711092278428743,False,True,1.0095548963796492
random_walk,2016-11-01,11,68.09043622998547,False,True,48.217320969075026,False,True,0.4332595237632658,True,True,1.0481936040808002
random_walk,2016-11-01,12,68.09027994711202,False,True,44.423192506617966,False,True,0.4381169768615617,True,True,1.0274898078054848
random_walk,2016-12-01,1,5.1411158596329845,True,True,4.55750103928712,True,True,0.07786086065469225,True,True,0.10603018866865127
random_walk,2016-12-01,2,11.66569717264901,False,True,12.887964327162715,False,True,0.20033810724551834,False,True,0.27292189299837855
random_walk,2016-12-01,3,10.332651892539499,True,True,6.344605647868219,True,True,0.2660841692677215,False,True,0.230472126607432
random_walk,2016-12-01,4,9.260829019990677,True,True,7.7426723399170125,True,True,0.42047856311865384,False,True,0.30267668824202726
random_walk,2016-12-01,5,9.708532510753678,True,True,7.7242983645106165,True,True,0.6147314006290009,False,True,0.3829832659999724
random_walk,2016-12-01,6,11.23318500648098,True,True,8.60936376200874,True,True,0.7386127923171417,False,True,0.4496979611599836
random_walk,2016-12-01,7,16.277338318517874,True,True,10.08054558356709,True,True,0.7165639715275209,False,True,0.47102692646816813
random_walk,2016-12-01,8,27.347891828158055,False,True,14.816327733876747,True,True,0.7443705364760476,False,True,0.5895997099002949
random_walk,2016-12-01,9,30.347348255048566,False,True,25.087755349501712,False,True,0.7255077772531144,False,True,0.6844081350566502
random_walk,2016-12-01,10,37.5771033402016,False,True,21.239254616869548,False,True,0.6888914301653122,False,True,0.7040216400258503
random_walk,2016-12-01,11,37.91155682188866,False,True,18.025891606624473,True,True,0.6676058962900971,False,True,0.6853262884608843
random_walk,2016-12-01,12,35.09847305227579,False,True,17.547066012084215,True,True,0.6832420151079507,False,True,0.6758324351475695
random_walk,2017-01-01,1,8.110936939177154,True,True,16.471365928667566,False,True,0.14736511532198263,False,True,0.26121394929934477
random_walk,2017-01-01,2,7.03769617653318,True,True,4.913780173840546,True,True,0.2510176855732814,False,True,0.18226204080024366
random_walk,2017-01-01,3,8.486727053863735,True,True,6.930479039090121,True,True,0.3764619668213566,False,True,0.26355179687097186
random_walk,2017-01-01,4,10.124026809944684,True,True,7.429396314503673,True,True,0.5411162050654961,False,True,0.3385543814134655
random_walk,2017-01-01,5,11.221113121875913,True,True,7.132359345617413,True,True,0.6258973667768752,False,False,0.38161437050615443
random_walk,2017-01-01,6,13.55425573857175,True,True,8.729495288546765,True,True,0.6108288938149862,False,True,0.39389360290371034
random_walk,2017-01-01,7,22.146685895531288,False,True,11.127953771327071,True,True,0.5802289679064664,False,True,0.46639644597269936
random_walk,2017-01-01,8,24.690057742296112,False,True,19.53236098551832,False,True,0.5710349761384126,False,True,0.5465087745683523
random_walk,2017-01-01,9,31.12789208356414,False,True,16.05068926983617,True,True,0.5743209413385365,False,True,0.5762706535332227
random_walk,2017-01-01,10,34.40840060328164,False,True,15.835767893847883,True,True,0.6181306345068935,False,True,0.6039012586215012
random_walk,2017-01-01,11,34.018005138672876,False,True,15.830186495377763,True,True,0.58754667270982,False,True,0.5938296266176907
random_walk,2017-01-01,12,42.805874508696,False,True,31.3913893603143,False,True,0.6025238354243595,False,True,0.7844108840463044
random_walk,2017-02-01,1,5.987491065060448,True,True,4.942835046740596,True,True,0.22423413506751358,False,True,0.1688067874311973
random_walk,2017-02-01,2,7.751213514626873,True,True,7.983913703164493,True,True,0.370705372024869,False,True,0.2605255026315032
random_walk,2017-02-01,3,9.254584256807558,True,True,6.373300375184471,True,True,0.5048624195567872,False,True,0.31816283553077485
random_walk,2017-02-01,4,10.3251713913977,True,True,7.173499659452407,True,True,0.5953009021474706,False,True,0.3648893402898857
random_walk,2017-02-01,5,11.49763616722506,True,True,8.73062973306503,True,True,0.6003775777530281,False,True,0.38688772313957875
random_walk,2017-02-01,6,19.65168284635309,True,True,13.678376043950077,True,True,0.6107257016848401,False,True,0.49191068729345977
random_walk,2017-02-01,7,20.482359312957584,True,True,25.004885335057615,False,True,0.6175776883508066,False,True,0.6046892160492203
random_walk,2017-02-01,8,27.199540775760237,False,True,22.075016558980632,False,True,0.6105559775610451,False,True,0.6202536416329963
random_walk,2017-02-01,9,28.780696354542556,False,True,21.448329408958728,False,True,0.6245630258333694,False,True,0.6306928440057122
random_walk,2017-02-01,10,27.68585722773018,False,True,21.335178757316974,True,True,0.6132661646781032,False,True,0.6172910372381044
random_walk,2017-02-01,11,36.53602877960107,False,True,41.231951494241,False,True,0.6260664461892226,False,True,0.855643257850114
random_walk,2017-02-01,12,35.37318435302131,False,True,48.77109171682368,False,True,0.5842621275308534,False,True,0.8995842025313754
random_walk,2017-03-01,1,5.08191585472863,True,True,6.110702138720548,False,True,0.49263849706163276,False,False,0.2900465836356904
random_walk,2017-03-01,2,7.015723292097233,True,True,5.207648740050006,True,True,0.6815089934572252,False,False,0.383103430554661
random_walk,2017-03-01,3,8.977713120948803,True,True,6.757608451151134,True,True,0.7789385269967566,False,False,0.44192703171790193
random_walk,2017-03-01,4,10.990430200993835,True,True,9.853232572518099,True,True,0.758104766372441,False,False,0.4645141230401245
random_walk,2017-03-01,5,19.173030270431312,False,True,16.503122684053963,False,True,0.7087340437850131,False,True,0.5468130138902613
random_walk,2017-03-01,6,23.687860268330795,False,True,28.466708609116118,False,True,0.6495866453099958,False,True,0.6537717690227032
random_walk,2017-03-01,7,27.87897265137465,False,True,24.61305434467088,False,True,0.6307151141678666,False,True,0.6424452324682768
random_walk,2017-03-01,8,27.565833588478867,False,True,21.82214940902003,False,True,0.5856344621695317,False,True,0.6227348524943997
random_walk,2017-03-01,9,27.045090598100508,False,True,20.057594387672804,False,True,0.5762311867669266,False,True,0.5944881729191979
random_walk,2017-03-01,10,35.67611217238522,False,True,42.26982468097259,False,True,0.5588479726216066,False,True,0.84531181597964
random_walk,2017-03-01,11,33.6143109925392,False,True,50.34950807462264,False,True,0.5797032547407514,False,True,0.9074901919323004
random_walk,2017-03-01,12,28.81429800097648,True,True,44.461824543166315,False,True,0.5779845642500513,False,True,0.8256795350988277
random_walk,2017-04-01,1,5.381755878618323,True,True,4.648140157085388,True,True,0.6522670352854574,False,False,0.35749328010140446
random_walk,2017-04-01,2,7.565480460075776,True,True,5.372092873381321,True,True,0.7578816991877844,False,False,0.409509618763121
random_walk,2017-04-01,3,10.432270854451442,True,True,6.40028408050614,True,True,0.7445707558793474,False,False,0.42501002108511926
random_walk,2017-04-01,4,22.01785956518222,False,True,12.166480166800518,True,True,0.679983822024925,False,False,0.5057048250530092
random_walk,2017-04-01,5,25.051343250520887,False,True,25.235552005240642,False,True,0.6779757088687923,False,False,0.6180247726017983
random_walk,2017-04-01,6,29.270316247823388,False,True,22.678138830615985,False,True,0.6241250849919657,False,True,0.6081110380897158
random_walk,2017-04-01,7,29.570089477847922,False,True,19.964275355109667,False,True,0.6458752291902778,False,True,0.5939114540656724
random_walk,2017-04-01,8,27.57343052743945,False,True,18.3415015396904,True,True,0.6379504997847787,False,True,0.5703612101287636
random_walk,2017-04-01,9,34.48422895529415,False,True,38.40210135418828,False,True,0.6154548309265199,False,True,0.7788472976463664
random_walk,2017-04-01,10,30.878799938980677,False,True,44.510979587497346,False,True,0.6077153509180552,False,True,0.8097842563936802
random_walk,2017-04-01,11,25.640983132866033,True,True,36.7341881815975,False,True,0.5867918089163692,False,True,0.7123569776524872
random_walk,2017-04-01,12,26.129020753444642,True,True,38.71914109769166,False,True,0.6071430599046893,False,True,0.7444892096150264
random_walk,2017-05-01,1,5.749981713120848,True,True,4.00284617866023,True,True,0.851436034488232,False,False,0.4498490690999841
random_walk,2017-05-01,2,10.231828752147333,True,True,7.001865380222075,True,True,0.7466803523042909,False,False,0.4343461389695818
random_walk,2017-05-01,3,24.007460375350206,False,True,14.390230795460706,False,True,0.6782391231701005,False,False,0.5341617708045258
random_walk,2017-05-01,4,26.71241109275091,False,True,26.369216694374654,False,True,0.6438174764956082,False,True,0.6297188159795915
random_walk,2017-05-01,5,31.85995530960632,False,True,22.753869090223557,False,True,0.5918004142015825,False,True,0.6170863478191438
random_walk,2017-05-01,6,30.455695252432413,False,True,18.789677829145482,False,True,0.592744481429158,False,True,0.5859287596475411
random_walk,2017-05-01,7,29.538988446922765,False,True,17.077511618747266,False,True,0.5600174300704147,False,True,0.5645768524571918
random_walk,2017-05-01,8,38.685245861445416,False,True,40.75556646062235,False,True,0.5849163088491806,False,True,0.8211491131568385
random_walk,2017-05-01,9,36.37456913682971,False,True,46.26409774810517,False,True,0.5776782837782204,False,True,0.8645965475466622
random_walk,2017-05-01,10,30.065307160196873,False,True,40.91451078178764,False,True,0.5374007827023575,False,True,0.7735928088560335
random_walk,2017-05-01,11,33.36651749214747,False,True,43.38138839097498,False,True,0.5292037885640363,False,True,0.8060165588156358
random_walk,2017-05-01,12,32.58255908677977,False,True,25.143717775898793,False,True,0.5513045410048181,False,True,0.6505033207726979
random_walk,2017-06-01,1,8.023146948599578,True,True,5.696380553748852,False,True,0.8444313039035771,False,False,0.47101234085970467
random_walk,2017-06-01,2,21.459859570044678,False,True,12.967366434029914,False,True,0.7436528374656856,False,False,0.5346381975500232
random_walk,2017-06-01,3,23.656013615412718,False,True,26.62216637428346,False,True,0.6927506929078115,False,False,0.6342353098299541
random_walk,2017-06-01,4,31.849209248850443,False,True,21.692989905825666,False,True,0.6538350627666923,False,True,0.6284493232449608
random_walk,2017-06-01,5,30.202065010632463,False,True,19.19241696339983,False,True,0.6339059817210364,False,True,0.6023379377590551
random_walk,2017-06-01,6,29.02588357782591,False,True,17.90617103745433,False,True,0.6289448590327114,False,True,0.5856860079083737
random_walk,2017-06-01,7,38.00711659519256,False,True,42.23739732627266,False,False,0.6226855550650312,False,True,0.8469989513247994
random_walk,2017-06-01,8,32.8743019065102,False,True,48.75808135734282,False,False,0.6180262399045389,False,True,0.8740221106957163
random_walk,2017-06-01,9,28.1139343772723,False,True,40.54222727527553,False,True,0.6493256866225244,False,True,0.7865062310834786
random_walk,2017-06-01,10,27.880457264387914,False,True,43.33280116820081,False,True,0.6442161667073416,False,True,0.8179831065161803
random_walk,2017-06-01,11,28.009260342821257,True,True,23.5616831009835,False,True,0.6596781232912676,False,True,0.6555157052284032
random_walk,2017-06-01,12,31.032703590726435,False,True,18.459444976715684,True,True,0.674689275654086,False,True,0.6393342258097471
random_walk,2017-07-01,1,25.643870070717202,False,False,14.244817711708125,False,False,0.7968176336424851,False,False,0.5798832212286219
random_walk,2017-07-01,2,27.401359338080418,False,True,29.10047158009759,False,False,0.7399239123188224,False,False,0.6750836757400557
random_walk,2017-07-01,3,34.48638567695885,False,True,25.1853823731861,False,True,0.705097531462717,False,True,0.6887465772896121
random_walk,2017-07-01,4,30.963402690402408,False,True,20.818534767266925,False,True,0.6788187844037996,False,True,0.63612918203023
random_walk,2017-07-01,5,28.964150703893328,False,True,18.24353488039195,False,True,0.6498786791372825,False,True,0.5928108998960642
random_walk,2017-07-01,6,39.05852389543901,False,True,44.619769328962974,False,False,0.6348663543044064,False,True,0.8555077534364566
random_walk,2017-07-01,7,36.22841456092032,False,True,50.696317371901834,False,False,0.6421137496428377,False,True,0.9010813015543444
random_walk,2017-07-01,8,31.030754293606797,False,True,42.837403269447236,False,True,0.602868564814268,False,True,0.7985088831621718
random_walk,2017-07-01,9,32.545561267924946,False,True,45.38270164038373,False,True,0.5797866310584581,False,True,0.8259877794041228
random_walk,2017-07-01,10,32.42376170635741,False,True,24.74575575161799,False,True,0.5481369922279472,False,True,0.6510939866539361
random_walk,2017-07-01,11,35.5513179393058,False,True,19.34615431493323,True,True,0.5342253418878039,False,True,0.6258260980771422
random_walk,2017-07-01,12,19.78701187168481,True,True,13.376326266698374,True,True,0.5301853986740918,False,True,0.46352101964986514
random_walk,2017-08-01,1,28.475151638824578,False,False,32.8002115119885,False,False,0.82371128663782,False,False,0.7216156446436058
random_walk,2017-08-01,2,32.047444857242844,False,True,24.674520308458803,False,True,0.8165006440192568,False,False,0.6958884977245268
random_walk,2017-08-01,3,31.16496319261627,False,True,20.38728225817226,False,True,0.7701606007171085,False,False,0.6467330967059117
random_walk,2017-08-01,4,30.59453815963892,False,True,17.709341499992952,False,True,0.7142686407590062,False,False,0.6165439557059947
random_walk,2017-08-01,5,41.04509542184241,False,True,45.37614413255439,False,False,0.6696919650930488,False,True,0.8839172310402675
random_walk,2017-08-01,6,38.98529370955282,False,True,53.52845369511904,False,False,0.6541370189279498,False,True,0.9424604754044799
random_walk,2017-08-01,7,31.760952332514222,False,True,44.83611423985675,False,False,0.6291655098010515,False,True,0.8266020611033037
random_walk,2017-08-01,8,32.93168225271135,False,True,44.4372325801238,False,False,0.592893327285202,False,True,0.8295214162388532
random_walk,2017-08-01,9,32.48805957419529,False,True,23.622096786059938,False,True,0.5994580861214946,False,True,0.6556472642572124
random_walk,2017-08-01,10,36.47879000703336,False,True,17.855445890421205,False,True,0.596114952295051,False,True,0.6423689124317434
random_walk,2017-08-01,11,21.145562035625765,True,True,13.423654751400349,True,True,0.5942311036722269,False,True,0.49537490124772743
random_walk,2017-08-01,12,18.768756240497986,True,True,13.483349830116733,True,True,0.5734542310827474,False,True,0.4689610880694879
random_walk,2017-09-01,1,41.60813853094824,False,False,30.273750003306063,False,False,0.8169365266459153,False,False,0.7777717108971313
random_walk,2017-09-01,2,38.302672654491964,False,False,23.638977298541278,False,True,0.754378295323431,False,False,0.7042660563190186
random_walk,2017-09-01,3,36.891156499399955,False,True,21.630280478863938,False,True,0.727066707876924,False,True,0.6783241768834406
random_walk,2017-09-01,4,47.07293557856478,False,False,47.78150092604166,False,False,0.6997430373225089,False,True,0.9518632279943682
random_walk,2017-09-01,5,41.7572027119611,False,True,54.26102699099947,False,False,0.7010318084428717,False,True,0.9842172467262981
random_walk,2017-09-01,6,33.67200309358138,False,True,45.49962488401652,False,True,0.6793548337386961,False,True,0.8665403943361454
random_walk,2017-09-01,7,35.43328883651749,False,True,47.981412011215255,False,False,0.6894528204591008,False,True,0.9087247557830254
random_walk,2017-09-01,8,35.34523162659359,False,True,26.71795750678633,False,True,0.6684594507991056,False,True,0.7259876817178544
random_walk,2017-09-01,9,39.47269670661522,False,True,21.660818744148614,True,True,0.6573888617878557,False,True,0.7124874296595333
random_walk,2017-09-01,10,21.26274015357251,True,True,15.316578311347797,True,True,0.6703635644061463,False,True,0.5463252516578623
random_walk,2017-09-01,11,18.367375617984436,True,True,14.793090079673945,True,True,0.6548009448085189,False,True,0.5118436196548932
random_walk,2017-09-01,12,18.49087437582846,True,True,13.53439547935428,True,True,0.6568395308192161,False,True,0.5044005556339209
random_walk,2017-10-01,1,41.89735106789727,False,False,25.020866123416475,False,False,0.8288756168696285,False,False,0.7492493761537757
random_walk,2017-10-01,2,38.39868601310799,False,False,19.74680470115297,False,True,0.753454473863873,False,False,0.682046127775384
random_walk,2017-10-01,3,44.70211556387007,False,False,48.56247039881606,False,False,0.6907569394522062,False,False,0.9228419611780476
random_walk,2017-10-01,4,39.88582526673777,False,True,53.99984421315999,False,False,0.6878404240283402,False,False,0.9500163671688154
random_walk,2017-10-01,5,31.569503334020133,False,True,45.25612320218872,False,False,0.6842944030679418,False,True,0.8349824850504153
random_walk,2017-10-01,6,32.64244121417802,False,True,45.44039227516569,False,False,0.6583046181256617,False,True,0.8395878238388594
random_walk,2017-10-01,7,29.733620669971316,False,True,22.781871320075318,False,True,0.6106215092315537,False,True,0.6317617975834403
random_walk,2017-10-01,8,31.951110616831812,False,True,17.084983875469515,True,True,0.5962346611270826,False,True,0.5973636142356991
random_walk,2017-10-01,9,18.575707267276805,True,True,12.422207293440099,True,True,0.6100723880413951,False,True,0.4685765399738332
random_walk,2017-10-01,10,16.58651696367474,True,True,11.460806933161411,True,True,0.6078615252484415,False,True,0.4508814105096455
random_walk,2017-10-01,11,16.83150061855256,True,True,13.669944419966217,True,True,0.5965006219024938,False,True,0.47306475624910616
random_walk,2017-10-01,12,19.771189631142015,True,True,12.419220258152468,True,True,0.5528937741658714,False,True,0.4687286069564769
random_walk,2017-11-01,1,37.817452263635204,False,False,24.09224554613985,False,False,0.8283157418044272,False,False,0.7215323512270118
random_walk,2017-11-01,2,48.209713222421755,False,False,51.66668534377416,False,False,0.7326082387926607,False,False,0.9790021923452028
random_walk,2017-11-01,3,41.413870595793796,False,False,56.67868610599189,False,False,0.6847410357101599,False,True,0.9826471000143991
random_walk,2017-11-01,4,30.290546724714797,False,True,49.15011450249262,False,False,0.6207135262638125,False,True,0.8390503989390505
random_walk,2017-11-01,5,30.291499751237303,False,True,47.3863665856831,False,False,0.6190437027345058,False,True,0.8370127884181036
random_walk,2017-11-01,6,27.52296253361254,False,True,25.776484330555594,False,True,0.6002384440951141,False,True,0.6349840557692316
random_walk,2017-11-01,7,34.42834059505084,False,True,17.551084231203095,False,True,0.6139409449306862,False,True,0.6245374574032282
random_walk,2017-11-01,8,16.109400375062936,True,True,11.145236087921703,True,True,0.6042567178815766,False,True,0.45118897426595606
random_walk,2017-11-01,9,13.28760350865559,True,True,11.04199885271245,True,True,0.5938370711212787,False,True,0.43275445490120645
random_walk,2017-11-01,10,14.81565808202265,True,True,13.905410271496905,True,True,0.5695050505176061,False,True,0.4599689213066662
random_walk,2017-11-01,11,17.595568245769762,True,True,13.485280915099786,True,True,0.5158761475332487,False,True,0.4515853505530081
random_walk,2017-11-01,12,16.690353173685402,True,True,14.384946900169187,True,True,0.4593466573531142,False,True,0.4309504771133478
random_walk,2017-12-01,1,7.977710042034509,True,True,23.34574231722808,False,False,0.07300228917057236,True,True,0.3042197076986176
random_walk,2017-12-01,2,7.391363097396974,True,True,29.00410357879875,False,False,0.09902974978778811,True,True,0.3711648519348968
random_walk,2017-12-01,3,7.794802826152939,True,True,21.440620452218965,False,True,0.12209460326113791,True,True,0.301441182501742
random_walk,2017-12-01,4,8.637964561498688,True,True,23.16123863908231,False,True,0.13556329650244292,True,True,0.33156893678162336
random_walk,2017-12-01,5,10.465604746275382,True,True,9.28493238104306,True,True,0.16982864151222554,True,True,0.22111477687232306
random_walk,2017-12-01,6,11.802236981696769,True,True,8.743086692439626,True,True,0.20003940105789697,True,True,0.23387274312076267
random_walk,2017-12-01,7,16.949447674135975,True,True,11.643637432544214,True,True,0.19958364060399236,True,True,0.2996553322840936
random_walk,2017-12-01,8,21.01351953354737,True,True,14.039302978663716,True,True,0.20580749890051198,True,True,0.3512668202955057
random_walk,2017-12-01,9,20.325516776518604,True,True,26.963938031101144,False,True,0.2130556728195353,True,True,0.46667728900627314
random_walk,2017-12-01,10,19.152595293503346,True,True,24.50109263787465,False,True,0.25192877048189954,True,True,0.4469514600239932
random_walk,2017-12-01,11,18.62262875512537,True,True,24.18350389569946,False,True,0.2910057034398663,True,True,0.46492249924718476
random_walk,2017-12-01,12,19.01783873070569,True,True,26.11772014526306,False,True,0.2903832214693598,True,True,0.4893279210470789
random_walk,2018-01-01,1,7.5308301673283005,True,True,32.2941533604827,False,False,0.07291854910627893,True,True,0.40321144422293415
random_walk,2018-01-01,2,6.0266865930791464,True,True,23.375610834042853,False,False,0.10656500632370619,True,True,0.3053816447797447
random_walk,2018-01-01,3,8.28033398564919,True,True,24.09969604510156,False,True,0.11399110363702714,True,True,0.32538995608838
random_walk,2018-01-01,4,9.259751739189689,True,True,8.276533295439204,True,True,0.1375343993757015,True,True,0.1959561045021337
random_walk,2018-01-01,5,12.001703152964826,True,True,8.021338676236493,True,True,0.15629707887666533,True,True,0.21720469066248893
random_walk,2018-01-01,6,15.524598628020879,True,True,10.577307480168319,True,True,0.16579021863107463,True,True,0.2749580926710006
random_walk,2018-01-01,7,21.113507217290337,True,True,11.847937466930222,True,True,0.17602813196136685,True,True,0.3300890880746482
random_walk,2018-01-01,8,22.597867964223482,True,True,26.028898594037763,False,True,0.20204780217661172,True,True,0.47209064074851526
random_walk,2018-01-01,9,19.66881914752097,True,True,23.73249698368225,False,True,0.21062805606863,True,True,0.4263924817518626
random_walk,2018-01-01,10,20.70485375568122,True,True,24.73225547062041,False,True,0.2502423345584097,True,True,0.4594053445166544
random_walk,2018-01-01,11,23.085403193949368,True,True,26.83580924722213,False,True,0.2590899252565967,True,True,0.5017483088232123
random_walk,2018-01-01,12,24.592885818356876,True,True,23.691269831840074,False,True,0.26728995525275634,True,True,0.4921529820717868
random_walk,2018-02-01,1,4.506577376942973,True,True,23.570324590161754,False,False,0.07346500885870577,True,True,0.29484436200367525
random_walk,2018-02-01,2,5.909031148725349,True,True,22.237600972784257,False,True,0.11544309969341293,True,True,0.2995372800718109
random_walk,2018-02-01,3,7.428713043629045,True,True,7.2335636749379315,True,True,0.1356580642656421,True,True,0.17082168167798956
random_walk,2018-02-01,4,9.510744859258672,True,True,7.282984636271806,True,True,0.1615250076934015,True,True,0.1965657240738361
random_walk,2018-02-01,5,13.07039826523085,True,True,11.244225278933257,True,True,0.1771385036011986,True,True,0.2668793991854216
random_walk,2018-02-01,6,17.157139916333197,True,True,13.598463502985311,True,True,0.19351473161463079,True,True,0.31895429400630293
random_walk,2018-02-01,7,17.58073330736558,True,True,26.86242480991155,False,True,0.21484774427186876,True,True,0.4597903572905644
random_walk,2018-02-01,8,15.751236397135067,True,True,23.56822369137176,False,True,0.2175700862304787,True,True,0.4214978072556065
random_walk,2018-02-01,9,15.912625026340358,True,True,22.60650027476746,False,True,0.2474023554181798,True,True,0.4263804316734934
random_walk,2018-02-01,10,19.353183656653997,True,True,24.119440267794538,False,True,0.2658635954379457,True,True,0.4594191487661423
random_walk,2018-02-01,11,21.261099483216547,True,True,21.912079641823695,False,True,0.2919742120733472,True,True,0.4563772470396317
random_walk,2018-02-01,12,17.581983918225966,True,True,14.70817410070417,True,True,0.34072885408769527,True,True,0.38088877184970404
random_walk,2018-03-01,1,4.686996847297873,True,True,27.74452686595973,False,False,0.07531804057284447,True,True,0.34146437098800453
random_walk,2018-03-01,2,6.108816724807326,True,True,7.849613587575579,True,True,0.09750498001413543,True,True,0.15291761621808364
random_walk,2018-03-01,3,9.340451113717048,True,True,6.328427616154615,True,True,0.11252583022473223,True,True,0.167174629718079
random_walk,2018-03-01,4,14.52882950938281,True,True,9.989760824919543,True,True,0.12636813744235031,True,True,0.24623772284065615
random_walk,2018-03-01,5,19.423485645281122,False,True,12.6643913137729,True,True,0.15770604855984177,True,True,0.31433272355648645
random_walk,2018-03-01,6,19.792948955698204,True,True,28.365907867644033,False,True,0.15651220411005085,True,True,0.46551919521775087
random_walk,2018-03-01,7,16.6152311831774,True,True,26.156292028876365,False,True,0.18242162580961246,True,True,0.422734083437013
random_walk,2018-03-01,8,17.696111606765825,True,True,27.489619290229513,False,True,0.22103381509631947,True,True,0.4538868553192775
random_walk,2018-03-01,9,20.25578915875932,True,True,28.856145816906263,False,True,0.21678430996605902,True,True,0.4910084514018219
random_walk,2018-03-01,10,23.837440003394022,True,True,26.27879018720265,False,True,0.24583924345661423,True,True,0.4971297724557612
random_walk,2018-03-01,11,18.757434673458327,True,True,14.880640733977263,True,True,0.3632877418529866,True,True,0.39920708531860016
random_walk,2018-03-01,12,17.281926735447165,True,True,20.93823485231436,True,True,0.3752944594588562,True,True,0.4340576483021247
random_walk,2018-04-01,1,4.752403644829707,True,True,7.425018411820316,False,True,0.07414264767909828,True,True,0.12865832527496587
random_walk,2018-04-01,2,6.707727704463318,True,True,4.876529104545126,True,True,0.11891473121173685,True,True,0.13882096220939422
random_walk,2018-04-01,3,15.14119061603557,False,True,9.099570678592285,True,True,0.13484250399348646,True,True,0.24231642796704483
random_walk,2018-04-01,4,22.355176788976493,False,True,11.335574128705044,True,True,0.14386774623916992,True,True,0.3204666752365782
random_walk,2018-04-01,5,21.67784095854981,False,True,27.304038849521632,False,True,0.16777208426880985,True,True,0.4691808214557319
random_walk,2018-04-01,6,16.839643278610136,True,True,22.778229400164363,False,True,0.18999664231762958,True,True,0.3990125968188616
random_walk,2018-04-01,7,18.499371716957903,True,True,23.905701649298415,False,True,0.22685557235366716,True,True,0.4352345819243316
random_walk,2018-04-01,8,20.559530024304827,True,True,26.456570901073533,False,True,0.2614018232988975,True,True,0.48221948726097763
random_walk,2018-04-01,9,25.468354037716466,False,True,23.399193701436293,False,True,0.26423980860165164,True,True,0.4885852596883389
random_walk,2018-04-01,10,18.84766141274787,True,True,14.303049696913568,True,True,0.3337295046912031,True,True,0.39262774522606714
random_walk,2018-04-01,11,17.916818946291528,True,True,19.29296366942679,True,True,0.3469309597964031,True,True,0.436126874795441
random_walk,2018-04-01,12,16.968615886915543,True,True,18.47200299702694,True,True,0.34008910444004903,True,True,0.4318573875717058
random_walk,2018-05-01,1,6.522522144371706,True,True,3.8468278174125334,True,True,0.06919873564840895,True,True,0.10758802163894299
random_walk,2018-05-01,2,13.18089131917971,False,True,9.367396308212324,False,True,0.09432746595162911,True,True,0.22276100807992572
random_walk,2018-05-01,3,18.071714895337426,False,True,11.461734316747584,False,True,0.12791929059790935,True,True,0.2904255671287246
random_walk,2018-05-01,4,17.77010433427819,False,True,29.215728932237,False,True,0.14704634230960484,True,True,0.45576958638663023
random_walk,2018-05-01,5,14.003005277403457,True,True,26.98410427431875,False,True,0.17396737890509528,True,True,0.4199231028861631
random_walk,2018-05-01,6,15.785697007221778,True,True,24.56955638825934,False,True,0.23337056471635415,True,True,0.42791836829257823
random_walk,2018-05-01,7,17.195159559194327,True,True,28.256395000512708,False,True,0.23573163516650664,True,True,0.47687787835604656
random_walk,2018-05-01,8,20.09077691417464,True,True,26.33720360138683,False,True,0.23664360424923975,True,True,0.47226768612472636
random_walk,2018-05-01,9,14.848239525580844,True,True,15.392172121859772,True,True,0.3236149796474116,True,True,0.3706529207421624
random_walk,2018-05-01,10,13.894395327911226,True,True,19.211770167165227,False,True,0.3224308515468918,True,True,0.40547422326039195
random_walk,2018-05-01,11,14.917135060065561,True,True,19.088944801865672,True,True,0.32740895115979685,True,True,0.4145070089433337
random_walk,2018-05-01,12,18.49553891207775,True,True,34.37295907926767,False,True,0.319135422333488,True,True,0.5841171804490786
random_walk,2018-06-01,1,13.460331228125499,False,True,8.466505902593537,False,True,0.06915795477397949,True,True,0.20195218682442714
random_walk,2018-06-01,2,21.170842831828466,False,True,10.450853580976295,False,True,0.10337218751145649,True,True,0.29086288816021133
random_walk,2018-06-01,3,20.450771399557304,False,True,26.964805822625898,False,False,0.12105129273759585,True,True,0.44342132922277655
random_walk,2018-06-01,4,15.538883604266651,True,True,21.555592109791675,False,True,0.1672353955784992,True,True,0.3763615637287604
random_walk,2018-06-01,5,18.994347876914706,False,True,22.916256778788675,False,True,0.20289000968119525,True,True,0.42083545869200256
random_walk,2018-06-01,6,20.453981908887986,True,True,24.482071837069135,False,True,0.21824378780676423,True,True,0.4617843485264005
random_walk,2018-06-01,7,26.14301771273254,False,True,21.641375176948006,False,True,0.24790361121498328,True,True,0.48095863318296495
random_walk,2018-06-01,8,18.62830429842495,True,True,13.67852903699037,True,True,0.32377969886737357,True,True,0.37950373834949513
random_walk,2018-06-01,9,15.759786847481656,True,True,18.4279349795429,True,True,0.3324718827170561,True,True,0.406335732614133
random_walk,2018-06-01,10,17.87249601519415,True,True,19.701060899577143,True,True,0.3305714830388985,True,True,0.42936485947073033
random_walk,2018-06-01,11,23.942122109193377,True,True,32.672083571010404,False,True,0.33658821361752556,True,True,0.5974359406514864
random_walk,2018-06-01,12,27.06005525720058,True,True,32.981687212892346,False,True,0.2278939622667182,True,True,0.5913608051941579
random_walk,2018-07-01,1,24.760230353293487,False,False,12.478102081177962,False,True,0.0715127003078781,True,True,0.31866678257608794
random_walk,2018-07-01,2,21.473136428876813,False,True,30.922052992825645,False,False,0.10741998385852386,True,True,0.4720474938948482
random_walk,2018-07-01,3,14.844621657147346,False,True,23.70096974804503,False,True,0.14451366393973786,True,True,0.37373118171194253
random_walk,2018-07-01,4,14.926037409765925,True,True,23.43488981292987,False,True,0.17514160016837438,True,True,0.3856438886973217
random_walk,2018-07-01,5,15.858566079318837,True,True,27.495266748640105,False,True,0.1901183831837983,True,True,0.4350902117368246
random_walk,2018-07-01,6,20.40169474658728,True,True,23.98610287974692,False,True,0.22022323731439364,True,True,0.44999307206168293
random_walk,2018-07-01,7,15.095740148428995,True,True,11.976663571164845,True,True,0.33704261276606245,True,True,0.34437968107366435
random_walk,2018-07-01,8,13.844288203419456,True,True,18.166270013407516,False,True,0.34548925173055506,True,True,0.3877687004106247
random_walk,2018-07-01,9,14.294099169879104,True,True,17.152839120112066,True,True,0.37007124079830533,True,True,0.39417772130147
random_walk,2018-07-01,10,19.36759961453061,True,True,31.10241040385914,False,True,0.39834570421138105,True,True,0.5678076767472414
random_walk,2018-07-01,11,23.640598386404463,True,True,30.169304460601023,False,True,0.3044901358117067,True,True,0.5568944048645993
random_walk,2018-07-01,12,21.85715878563299,True,True,26.47532907256112,False,True,0.2779981599250435,True,True,0.5035140545161566
random_walk,2018-08-01,1,25.84376540003086,False,False,37.03046949409485,False,False,0.07128617038854354,True,True,0.5556087497213892
random_walk,2018-08-01,2,17.800143351746204,False,True,29.272918990589186,False,False,0.11560525660259643,True,True,0.4338006756973832
random_walk,2018-08-01,3,17.468206577217323,False,True,28.285489154766267,False,True,0.1478414877827292,True,True,0.4426955315318958
random_walk,2018-08-01,4,19.982507117558765,False,True,30.755539134693056,False,True,0.16697337882801289,True,True,0.4999062856334373
random_walk,2018-08-01,5,25.530197359650636,False,True,25.89992175645051,False,True,0.2079545034523264,True,True,0.5053061314877616
random_walk,2018-08-01,6,16.584696177575893,True,True,13.42046667823032,True,True,0.33311965555766176,False,True,0.37828344525468316
random_walk,2018-08-01,7,14.895142480940514,True,True,18.173474727929978,False,True,0.3543824790479813,False,True,0.413912551900803
random_walk,2018-08-01,8,16.583601993004798,True,True,18.425285606811265,False,True,0.3727909894868444,False,True,0.42083444723501773
random_walk,2018-08-01,9,24.3063327364165,True,True,34.59012754212619,False,True,0.35304430247791985,False,True,0.6239304019444545
random_walk,2018-08-01,10,28.32768129886093,False,True,34.51073364136529,False,True,0.22172025841925502,True,True,0.6105003214577763
random_walk,2018-08-01,11,27.498355205889276,False,True,30.571094058388226,False,True,0.22602230146111846,True,True,0.5578414993263177
random_walk,2018-08-01,12,33.75394571051888,False,True,52.783771290512824,False,True,0.23192784843071423,True,True,0.8168446060356264
random_walk,2018-09-01,1,18.77569778166557,False,True,31.25280164800623,False,False,0.07170300486408682,True,True,0.4529233137795048
random_walk,2018-09-01,2,19.112722003225542,False,True,29.115280382848585,False,False,0.13546369511478046,True,True,0.45126988860908945
random_walk,2018-09-01,3,20.249072689232072,False,True,31.54336290135648,False,False,0.15346419006386836,True,True,0.48693128968332605
random_walk,2018-09-01,4,25.82735418757265,False,True,23.967939960702548,False,True,0.17882347707610702,True,True,0.4584360741094476
random_walk,2018-09-01,5,16.636032035580328,False,True,10.0673031350608,True,True,0.2713539947541746,True,True,0.3224023285309877
random_walk,2018-09-01,6,14.396235409236109,True,True,16.966374073605408,False,True,0.2910390057164614,True,True,0.3705242018944934
random_walk,2018-09-01,7,14.724485150286284,True,True,18.935161606668217,False,True,0.3119224990261255,True,True,0.39297786412678226
random_walk,2018-09-01,8,24.821408464205078,False,True,35.72219487257293,False,True,0.31887089256723344,True,True,0.6249305226587039
random_walk,2018-09-01,9,28.990353678445928,False,True,35.33523329316583,False,True,0.22934436395533953,True,True,0.620302405203776
random_walk,2018-09-01,10,26.291634931363014,True,True,31.69654551645972,False,True,0.24654186614395368,True,True,0.5690257799645734
random_walk,2018-09-01,11,30.60196073416531,False,True,52.126023314602214,False,True,0.2685259445529159,True,True,0.8000514923546433
random_walk,2018-09-01,12,30.2394106994902,False,True,57.07929464212506,False,True,0.3574564132940582,True,True,0.8763721027309171
random_walk,2018-10-01,1,18.404173739397834,False,True,31.382068485347215,False,False,0.1211469722218152,False,True,0.4636711963195775
random_walk,2018-10-01,2,20.765655783077364,False,True,30.722931293851644,False,False,0.12968477371903034,True,True,0.48279745053385165
random_walk,2018-10-01,3,26.986801402774176,False,True,24.667104488107473,False,True,0.15043978496686528,True,True,0.4668651544550061
random_walk,2018-10-01,4,15.783258883232186,False,True,11.200819057435833,True,True,0.23479178610230955,True,True,0.2997746145380331
random_walk,2018-10-01,5,12.849393213827192,True,True,19.142772151425824,False,True,0.26010103100274434,True,True,0.3651620735230716
random_walk,2018-10-01,6,13.297358144046143,True,True,19.979009095330547,False,True,0.26671238948359094,True,True,0.3830941695936072
random_walk,2018-10-01,7,19.91481447760339,True,True,37.523465346128816,False,True,0.2747670807449151,True,True,0.5916606939819143
random_walk,2018-10-01,8,24.01611975356494,False,True,37.01283817528965,False,True,0.22213370537602362,True,True,0.5956580587410564
random_walk,2018-10-01,9,23.607957065308135,False,True,31.719456061808444,False,True,0.23273363909381295,True,True,0.5594425363229114
random_walk,2018-10-01,10,28.602631406768232,False,True,53.75343741708995,False,False,0.25540299243277453,True,True,0.7920447531762845
random_walk,2018-10-01,11,27.948413857543898,False,True,56.88863918746796,False,False,0.31959101643635424,True,True,0.8450726287263625
random_walk,2018-10-01,12,28.708563482489573,False,True,60.336816850644944,False,False,0.3752124935378649,True,True,0.8980789698490961
random_walk,2018-11-01,1,20.309555384259724,False,False,37.288835692110254,False,False,0.14705999435896625,False,True,0.539681842379107
random_walk,2018-11-01,2,24.545094358717364,False,True,29.334362238000494,False,False,0.1590780743994977,True,True,0.4906612636690371
random_walk,2018-11-01,3,14.400864733067149,False,True,11.22853797953471,False,True,0.3218994998051167,False,True,0.322651264617571
random_walk,2018-11-01,4,10.787353814626481,True,True,18.17089315057447,False,True,0.32133519550933215,False,True,0.35739638463123397
random_walk,2018-11-01,5,12.229556939531317,True,True,18.166509181590026,False,True,0.3266904864472914,False,True,0.3689007045515459
random_walk,2018-11-01,6,19.60549336863843,False,True,36.39704099339087,False,True,0.3314809930161842,False,True,0.5949560802957837
random_walk,2018-11-01,7,23.12015496752381,False,True,35.29507328350101,False,True,0.20091844101784034,True,True,0.5645053600015256
random_walk,2018-11-01,8,20.782237338430665,False,True,30.427544525968056,False,True,0.20363502246517462,True,True,0.5051900889738777
random_walk,2018-11-01,9,26.97971176823129,False,True,52.07920038035143,False,True,0.2353876700539531,True,True,0.7643661461017234
random_walk,2018-11-01,10,26.108648897960002,False,True,54.54206065255335,False,True,0.2870113378462824,True,True,0.8007594903623231
random_walk,2018-11-01,11,23.92727820865435,True,True,56.684556924850966,False,True,0.341395919895665,True,True,0.8311592597202735
random_walk,2018-11-01,12,21.620507714832833,True,True,108.49887961646358,False,False,0.421439993867726,True,True,1.3980462166160796
random_walk,2018-12-01,1,5.221430981404321,True,True,4.15827446092395,True,True,0.07002068243811346,True,True,0.10274978596984105
random_walk,2018-12-01,2,8.184457541687163,True,True,16.112795685147685,False,True,0.1814779099148391,True,True,0.27024487994390395
random_walk,2018-12-01,3,10.960286011730947,True,True,10.003797073779507,True,True,0.17829205993167235,True,True,0.23708510897860813
random_walk,2018-12-01,4,10.473405344465174,True,True,10.956486395063333,True,True,0.1930361366792266,True,True,0.24888777983712157
random_walk,2018-12-01,5,9.773377520252335,True,True,8.369726365098547,True,True,0.19089929588659976,True,True,0.22756355519839488
random_walk,2018-12-01,6,11.831094669765399,True,True,8.806194667582872,True,True,0.19684435230465852,True,True,0.2486236111348562
random_walk,2018-12-01,7,11.399706670856734,True,True,9.454598474773416,True,True,0.23279615246543933,True,True,0.26224954225021824
random_walk,2018-12-01,8,15.696064907056684,True,True,15.21525302930846,False,True,0.2434714383248202,True,True,0.35420715991816454
random_walk,2018-12-01,9,15.489234620064785,True,True,17.49577246483078,True,True,0.4108557322912306,False,True,0.44054910356145593
random_walk,2018-12-01,10,15.427888947350567,True,True,20.04496994974727,False,True,0.4948664495201426,False,True,0.48416511014538455
random_walk,2018-12-01,11,16.06818429157053,True,True,60.422915364647345,False,False,0.6449127376654225,False,True,0.916813395227453
random_walk,2018-12-01,12,16.309317353348646,True,True,54.13823193727655,False,False,0.6611475706258233,False,True,0.8654055572899718
random_walk,2019-01-01,1,5.935793407074957,True,True,16.41219499267239,False,True,0.13014716171590054,False,True,0.23912096403794192
random_walk,2019-01-01,2,10.254694873678586,True,True,8.144474227611058,True,True,0.15651251297789429,True,True,0.2053212541608304
random_walk,2019-01-01,3,11.991041252305305,True,True,8.371042060027097,True,True,0.1572905936199332,True,True,0.22348228633097456
random_walk,2019-01-01,4,8.259454280306038,True,True,8.055229499584158,True,True,0.15629316868612797,True,True,0.20657676489813376
random_walk,2019-01-01,5,10.145580666497953,True,True,9.038173069395327,True,True,0.16844026623519787,True,True,0.22453548839333393
random_walk,2019-01-01,6,11.424818464184444,True,True,8.675955675742173,True,True,0.19999158395772476,True,True,0.24264763815317303
random_walk,2019-01-01,7,14.475783891255542,True,True,19.569682000902315,False,True,0.20065809967277898,True,True,0.35767149475404403
random_walk,2019-01-01,8,15.747191062280123,True,True,23.22440447336749,False,True,0.4348626929334852,False,True,0.47633780949911064
random_walk,2019-01-01,9,15.990211201885778,True,True,23.847819760472778,False,True,0.47679406435881666,False,True,0.5057501151898135
random_walk,2019-01-01,10,16.047545773949054,True,True,70.70258711959205,False,False,0.5996562382362471,False,True,0.9902825901608864
random_walk,2019-01-01,11,15.878930316786246,True,True,63.17891757732981,False,False,0.5870805178411249,False,True,0.9112961792217202
random_walk,2019-01-01,12,17.240055281756234,True,True,65.10609144323902,False,False,0.597861411179515,False,True,0.9398738684756046
random_walk,2019-02-01,1,8.89311876063066,False,True,9.491079844621286,False,True,0.13821585578963336,False,True,0.20127571778789205
random_walk,2019-02-01,2,10.649136655907599,True,True,9.322721787291089,True,True,0.16129863536072808,True,True,0.2241702492425921
random_walk,2019-02-01,3,7.646486494499811,True,True,6.98740758113879,True,True,0.17392072313857965,True,True,0.1885278786898476
random_walk,2019-02-01,4,10.033565287247598,True,True,8.5034759567612,True,True,0.15412744324274008,True,True,0.21014017340352442
random_walk,2019-02-01,5,10.733542034829373,True,True,8.045279387659562,True,True,0.2100779754382564,True,True,0.23231989158560507
random_walk,2019-02-01,6,14.197282450782726,True,True,18.643823490753444,False,True,0.22755337995945168,True,True,0.35539404101791916
random_walk,2019-02-01,7,14.252899143610826,True,True,20.36857943588805,False,True,0.45930763492560295,False,True,0.4576277148768956
random_walk,2019-02-01,8,14.944063924690841,True,True,23.237552746174106,False,True,0.5177141969313411,False,True,0.5082813693799021
random_walk,2019-02-01,9,14.531566516352619,True,True,68.8137371557832,False,False,0.6627555909613948,False,True,0.9729290733219318
random_walk,2019-02-01,10,13.397071681988429,True,True,64.26472447603977,False,False,0.6415688698717811,False,True,0.9217119106418497
random_walk,2019-02-01,11,14.520138565256005,True,True,63.39549043672723,False,False,0.646875684579426,False,True,0.9212268434197411
random_walk,2019-02-01,12,17.008866083346902,True,True,84.82845765841527,False,False,0.6491594592717653,False,True,1.1573588797514918
random_walk,2019-03-01,1,11.888185513237968,False,True,8.025444807475756,False,True,0.15714273065244053,False,True,0.21762748904722626
random_walk,2019-03-01,2,5.737272690455656,True,True,6.946675891747315,True,True,0.1503650146840984,True,True,0.17269904035262357
random_walk,2019-03-01,3,8.171910000918043,True,True,7.67055379924223,True,True,0.13831664836242558,True,True,0.18262781740837197
random_walk,2019-03-01,4,8.755129435810506,True,True,7.117171614893703,True,True,0.19532327510742564,True,True,0.2060043574702033
random_walk,2019-03-01,5,12.153067276949631,True,True,19.65271117079256,False,True,0.21158571031962103,True,True,0.35682678123384826
random_walk,2019-03-01,6,12.302049907509563,True,True,23.53524513892964,False,True,0.45379358304399436,False,True,0.47853946141383163
random_walk,2019-03-01,7,13.142570410138365,True,True,24.549397469362955,False,True,0.5110376849104292,False,True,0.5186647118446444
random_walk,2019-03-01,8,10.957746277907933,True,True,72.91749413725542,False,False,0.6174716291582281,False,True,1.014408551471917
random_walk,2019-03-01,9,11.594846955068018,True,True,64.94627074098888,False,False,0.6072154678243502,False,True,0.9299880809607417
random_walk,2019-03-01,10,11.914380822077128,True,True,66.6017660106358,False,False,0.631433529113176,False,True,0.9512526104729401
random_walk,2019-03-01,11,13.993044772080786,True,True,89.07537204303512,False,False,0.6237327597088861,False,True,1.1896619181294585
random_walk,2019-03-01,12,21.334373634182015,True,True,129.87439111129498,False,False,0.8652250758437524,False,True,1.729374737749728
random_walk,2019-04-01,1,4.602904874195252,True,True,6.2920989712175,False,True,0.1565642827951165,False,True,0.15149022780408852
random_walk,2019-04-01,2,7.943664157711108,True,True,8.168402324190303,True,True,0.12111467913117152,True,True,0.18602792890806302
random_walk,2019-04-01,3,8.296373234425896,True,True,7.740996148021038,True,True,0.20393555028291532,True,True,0.20610966711134876
random_walk,2019-04-01,4,12.96278336838617,True,True,21.083966146134447,False,True,0.210990841567737,True,True,0.38086931207590974
random_walk,2019-04-01,5,12.050330470034343,True,True,23.833280756907225,False,True,0.4905249768598866,False,True,0.5046002698066778
random_walk,2019-04-01,6,12.694872672023248,True,True,25.424450098789823,False,True,0.5806560278019969,False,True,0.5542231624785245
random_walk,2019-04-01,7,13.668947442466703,True,True,72.85188425524163,False,False,0.755826322178837,False,True,1.0482016852681335
random_walk,2019-04-01,8,13.1878169131428,True,True,64.88684592268275,False,False,0.7059201496007744,False,True,0.9544888168177239
random_walk,2019-04-01,9,13.29001900988058,True,True,65.50503335960337,False,False,0.6607418348419645,False,True,0.950766722224578
random_walk,2019-04-01,10,15.793977343050294,True,True,87.90164196155219,False,False,0.6846900507740171,False,True,1.1843461183890547
random_walk,2019-04-01,11,22.68150419473873,True,True,129.1845367816145,False,False,0.9889066735979598,False,True,1.7371073730562012
random_walk,2019-04-01,12,24.98269017402469,False,True,141.33343965100954,False,False,1.7576887415284324,False,False,2.1096402591647676
random_walk,2019-05-01,1,7.941712781650283,False,True,5.682588833311398,True,True,0.08770407824867629,True,True,0.14497871262213938
random_walk,2019-05-01,2,8.059229072392494,True,True,5.3170584893757855,True,True,0.15640567583946902,True,True,0.1663457518067229
random_walk,2019-05-01,3,12.037749664167904,True,True,18.606806351609848,False,True,0.17965660626128427,True,True,0.3204021973718085
random_walk,2019-05-01,4,13.187806022329529,True,True,22.18511285378915,False,True,0.38611515668064683,False,True,0.43694874072301354
random_walk,2019-05-01,5,13.867103842867415,True,True,25.43921587242905,False,True,0.42248774853570603,False,True,0.4808710127628085
random_walk,2019-05-01,6,13.154053765881837,True,True,72.08850976205576,False,False,0.5599653194262213,False,True,0.9751398616222563
random_walk,2019-05-01,7,12.105260367566245,True,True,65.2090465873033,False,False,0.5756342416989297,False,True,0.9076662255446994
random_walk,2019-05-01,8,12.644863902630561,True,True,66.86510063447706,False,False,0.5738969981828247,False,True,0.9287707306176589
random_walk,2019-05-01,9,14.732782715525346,True,True,89.80349331794146,False,False,0.5681380969704429,False,True,1.1858997294253912
random_walk,2019-05-01,10,22.845909808580863,False,True,132.3480591693222,False,False,0.8353417487423598,False,True,1.7502940532589006
random_walk,2019-05-01,11,25.19545236957923,True,True,145.9493129601535,False,False,1.6486099466832917,False,False,2.120678698733995
random_walk,2019-05-01,12,22.988595209494058,True,True,110.17605155361485,False,False,1.6222110793084066,False,False,1.7571213731937196
random_walk,2019-06-01,1,6.093879265824876,True,True,3.9126280858459292,True,True,0.14668017000778819,True,True,0.1313148180939317
random_walk,2019-06-01,2,10.988095843398494,True,True,22.338960763385625,False,True,0.14338139124116106,True,True,0.33308023532209635
random_walk,2019-06-01,3,10.800479613851532,True,True,23.314582696593533,False,True,0.3926444137359348,False,True,0.43164150984604893
random_walk,2019-06-01,4,12.283048929121943,True,True,24.247209311959,False,True,0.46791322760601406,False,True,0.4738151718369886
random_walk,2019-06-01,5,11.000625006154962,True,True,73.21244025841438,False,False,0.5798126776194041,False,True,0.9879920921831997
random_walk,2019-06-01,6,11.762587862749086,True,True,63.98051954324023,False,False,0.5784988089519665,False,True,0.8960885776827336
random_walk,2019-06-01,7,12.734592840001124,True,True,63.74474939944598,False,False,0.5511841466329521,False,True,0.9035027505397795
random_walk,2019-06-01,8,15.675188905845708,True,True,86.17500837147271,False,False,0.5159657777552433,False,True,1.1466815122796854
random_walk,2019-06-01,9,25.791129097269234,False,True,128.69450258308393,False,False,0.8021207079700984,False,True,1.7244158015774484
random_walk,2019-06-01,10,31.409018966494273,False,True,141.49459899186954,False,False,1.6092617125146726,False,False,2.09294493542476
random_walk,2019-06-01,11,26.367517830273663,True,True,106.49559291914551,False,False,1.5711694572950627,False,False,1.7171972620326248
random_walk,2019-06-01,12,16.852223796636267,True,True,79.92510243345437,False,False,1.5630200942748735,False,False,1.437393024172346
random_walk,2019-07-01,1,11.027737720570645,False,True,21.611729164740495,False,False,0.16585316800277447,False,True,0.3296925798399735
random_walk,2019-07-01,2,9.941006094943571,True,True,22.869795249748236,False,False,0.5263927740552077,False,False,0.4675561405859618
random_walk,2019-07-01,3,12.147475340313836,True,True,23.073891913932727,False,True,0.6005952306723955,False,False,0.5118600697822725
random_walk,2019-07-01,4,9.823287538132405,True,True,73.63198395259735,False,False,0.7830620722107213,False,False,1.0471905446441314
random_walk,2019-07-01,5,9.530176388520989,True,True,67.73985178728805,False,False,0.7699371765305683,False,True,0.9794426340504762
random_walk,2019-07-01,6,10.603338315377503,True,True,68.12494097542454,False,False,0.7383867306572656,False,True,0.9731580810997936
random_walk,2019-07-01,7,15.659384139820041,True,True,90.51335030066585,False,False,0.7359867592453724,False,True,1.214982111818268
random_walk,2019-07-01,8,26.390352956163383,False,True,130.88785982739245,False,False,1.0533074623390069,False,False,1.7875163483690297
random_walk,2019-07-01,9,30.443928366072775,False,True,144.36080165385556,False,False,1.8756598328601024,False,False,2.1774066457201906
random_walk,2019-07-01,10,26.499490096161153,False,True,111.18797268690264,False,False,1.86508741301656,False,False,1.832894329981646
random_walk,2019-07-01,11,17.200659275248945,True,True,82.69161942254885,False,False,1.876417615569679,False,False,1.556144031519263
random_walk,2019-07-01,12,16.115192830974493,True,True,73.97488276201796,False,False,1.8488861865776594,False,False,1.4787067935256477
random_walk,2019-08-01,1,8.882611976931441,False,True,30.3700163307985,False,False,0.4946517433794344,False,False,0.5043496170245336
random_walk,2019-08-01,2,9.627527525376554,True,True,29.182352542366658,False,False,0.5474966261318726,False,False,0.521102829761861
random_walk,2019-08-01,3,8.42163384015786,True,True,81.2903999019534,False,False,0.7225806365952749,False,False,1.0886660869733296
random_walk,2019-08-01,4,8.894451537192847,True,True,72.51871966876915,False,False,0.7049363473115509,False,False,0.9935333455928739
random_walk,2019-08-01,5,9.156643895157195,True,True,73.42268196465614,False,False,0.6993852905183096,False,True,1.003920773159979
random_walk,2019-08-01,6,13.201618489695502,True,True,95.32390244433168,False,False,0.6900560774485509,False,True,1.245948009308142
random_walk,2019-08-01,7,22.752689335960685,False,True,135.3121122397528,False,False,1.0010217322116222,False,False,1.7993954592029366
random_walk,2019-08-01,8,25.909360420385482,False,True,148.56915085970198,False,False,1.824566918288551,False,False,2.1753518802786127
random_walk,2019-08-01,9,21.113398460811716,True,True,115.96497546576515,False,False,1.7826306926177433,False,False,1.825330534643923
random_walk,2019-08-01,10,13.77179994766388,True,True,87.885873450002,False,False,1.7548811673195677,False,False,1.5358779040740047
random_walk,2019-08-01,11,16.257849707381204,True,True,78.71914548798114,False,False,1.7352407093879267,False,False,1.4598435549714939
random_walk,2019-08-01,12,17.69607830273027,True,True,77.07238226172842,False,False,1.7249253301385008,False,False,1.4633492051586763
random_walk,2019-09-01,1,10.471168488879881,False,True,31.148537038076576,False,False,0.6504808710855139,False,False,0.5750575426395689
random_walk,2019-09-01,2,8.786387485453103,True,True,84.38821783318184,False,False,0.7529990577099444,False,False,1.1353649432886024
random_walk,2019-09-01,3,8.57839836187365,True,True,73.41739295978545,False,False,0.7372556445346308,False,False,1.0060211824299543
random_walk,2019-09-01,4,10.394244606810116,True,True,73.43276924763678,False,False,0.7247926412179904,False,False,1.0060995225946912
random_walk,2019-09-01,5,14.460833232227944,True,True,94.09041725154128,False,False,0.6626068768761522,False,True,1.230564164401489
random_walk,2019-09-01,6,26.177588214444604,False,True,134.72984506093022,False,False,0.9598680068923101,False,False,1.7961603816044323
random_walk,2019-09-01,7,30.294229568784875,False,True,146.31660701829173,False,False,1.7819650681521306,False,False,2.1546739878641703
random_walk,2019-09-01,8,24.94562009299512,False,True,112.81773474443676,False,False,1.716366183719805,False,False,1.7811600961868945
random_walk,2019-09-01,9,16.062456523838755,True,True,83.38313026177185,False,False,1.70483946444994,False,False,1.483601981884685
random_walk,2019-09-01,10,14.027201333361418,True,True,74.50034383587747,False,False,1.6929893809057268,False,False,1.3922962659673122
random_walk,2019-09-01,11,15.71985688819521,True,True,74.20840317437919,False,False,1.695385065424083,False,False,1.3984304957509184
random_walk,2019-09-01,12,19.642536983275036,True,True,63.092570154380724,False,False,1.6745596985256448,False,False,1.324220205975375
random_walk,2019-10-01,1,6.568496716739432,True,True,87.16501415101911,False,False,0.8349584900712661,False,False,1.1908181489953642
random_walk,2019-10-01,2,6.243399593551787,True,True,76.94666159611222,False,False,0.7558505542148571,False,False,1.0397113402408642
random_walk,2019-10-01,3,8.319573369076334,True,True,76.92559334811045,False,False,0.6895552371480747,False,False,1.0251693898223593
random_walk,2019-10-01,4,12.679778903228058,True,True,98.37893092152916,False,False,0.6785790755265815,False,True,1.274385573335483
random_walk,2019-10-01,5,24.351739215469696,False,True,140.27109671892754,False,False,0.9998353701260156,False,False,1.8513346560234738
random_walk,2019-10-01,6,29.07404245725183,False,True,149.59600005063,False,False,1.8110487595076619,False,False,2.189800053684749
random_walk,2019-10-01,7,23.056928902508645,False,True,117.5529809217641,False,False,1.7744407322700648,False,False,1.8352286058785818
random_walk,2019-10-01,8,14.55482227343889,True,True,88.239114110836,False,False,1.7591038218493351,False,False,1.5329940746467565
random_walk,2019-10-01,9,13.904413351532718,True,True,81.02475751831739,False,False,1.7350411074962757,False,False,1.4556715548438215
random_walk,2019-10-01,10,16.18659092003537,True,True,79.22887331493001,False,False,1.7228264316359727,False,False,1.4450969668912137
random_walk,2019-10-01,11,19.990770190658736,True,True,64.47127958990619,False,False,1.6812665131490916,False,False,1.3304997646869547
random_walk,2019-10-01,12,19.446527867626543,True,True,77.39827134843932,False,False,1.6264893824587519,False,False,1.4055505527953256
random_walk,2019-11-01,1,4.400542018112903,True,True,79.91272117547855,False,False,0.870260943368383,False,False,1.101816918221873
random_walk,2019-11-01,2,6.4098333520557915,True,True,77.69726480591993,False,False,0.8209261904260461,False,False,1.05135197864768
random_walk,2019-11-01,3,10.863007480895927,True,True,95.02923220611058,False,False,0.8017806402561031,False,False,1.2427008964163133
random_walk,2019-11-01,4,22.637342569748455,False,True,135.91354684409814,False,False,1.1336774440118669,False,False,1.8103143675510331
random_walk,2019-11-01,5,27.23521480740343,False,True,149.35257288472698,False,False,1.9674706246511047,False,False,2.2123668132848984
random_walk,2019-11-01,6,22.64527411346287,False,True,114.28376660424944,False,False,1.916016331328867,False,False,1.8431936056952276
random_walk,2019-11-01,7,13.006163592832703,True,True,84.34023348148787,False,False,1.878832939512454,False,False,1.534974743922087
random_walk,2019-11-01,8,12.947571698090588,True,True,75.07040918866623,False,False,1.8323103336229947,False,False,1.4381832165329562
random_walk,2019-11-01,9,15.161414609867926,True,True,73.53927968069236,False,False,1.8131132302876214,False,False,1.4237048199835298
random_walk,2019-11-01,10,19.34691438401908,True,True,63.168607675884225,False,False,1.7724975997616292,False,False,1.3514407928353627
random_walk,2019-11-01,11,19.438562026980875,True,True,74.25184470216202,False,False,1.7291764658340256,False,False,1.4294648606759632
random_walk,2019-11-01,12,24.781884180545525,False,True,48.24563013427457,False,True,1.712591070036666,False,False,1.274217209258101
random_walk,2019-12-01,1,3.5607447817191744,True,True,3.7581277653920377,True,True,0.07094675060145475,True,True,0.08967905279457922
random_walk,2019-12-01,2,9.463663093498559,True,True,15.517975118705388,False,True,0.09960209624412028,True,True,0.24116632524546172
random_walk,2019-12-01,3,26.772992480022072,False,True,54.08541562016387,False,False,0.22620282197003827,False,True,0.7345295060084615
random_walk,2019-12-01,4,30.244892062574635,False,True,64.5254847956918,False,False,0.891821321819635,False,False,1.041844139755844
random_walk,2019-12-01,5,24.377534813577466,False,True,32.35237745280647,False,True,0.8368475989453097,False,True,0.7428817029409989
random_walk,2019-12-01,6,14.28435420992594,True,True,13.373350586712807,True,True,0.8049136639577887,False,True,0.5472784560958123
random_walk,2019-12-01,7,12.421680935796054,True,True,10.19760498462341,True,True,0.792908175064613,False,True,0.511481326966641
random_walk,2019-12-01,8,13.566797562754097,True,True,10.62831444061976,True,True,0.7652990737799544,False,True,0.5171095740954059
random_walk,2019-12-01,9,17.063529837942802,True,True,9.92193462731489,True,True,0.7674409546282146,False,True,0.5405698822457419
random_walk,2019-12-01,10,17.284136974942417,True,True,12.489099863380329,True,True,0.7442093622864097,False,True,0.5452771629052116
random_walk,2019-12-01,11,26.39534116183124,False,True,12.978740996052455,True,True,0.754216163446097,False,True,0.6093470990638513
random_walk,2019-12-01,12,43.90833919638746,False,True,25.403462779013772,False,True,0.7292302922017814,False,True,0.8178949283094061
random_walk,2020-01-01,1,11.177884900405125,False,True,17.766003495816452,False,False,0.07610487368942265,True,True,0.26525070058574696
random_walk,2020-01-01,2,30.89819517429315,False,False,56.33891981974355,False,False,0.21679745808423884,False,True,0.7798562721868587
random_walk,2020-01-01,3,34.394578298430616,False,False,67.68189054525043,False,False,0.9844156006172704,False,False,1.109953796588615
random_walk,2020-01-01,4,26.031586059001114,False,True,34.802069487602715,False,False,0.9716351342088068,False,False,0.820224702450125
random_walk,2020-01-01,5,13.244333951037248,True,True,14.256322309235028,False,True,0.9268801084889614,False,False,0.5880192262196797
random_walk,2020-01-01,6,11.878055362309318,True,True,10.419654451972693,True,True,0.8545648224949963,False,True,0.5340182348077981
random_walk,2020-01-01,7,13.566796233807576,True,True,11.007622390603245,True,True,0.8246520738311511,False,False,0.5467638748937323
random_walk,2020-01-01,8,17.235096462385965,True,True,9.905048336957982,True,True,0.8097625013148794,False,True,0.5562899856204208
random_walk,2020-01-01,9,17.340766144013756,True,True,12.657154332517099,True,True,0.8175771459376877,False,True,0.5782106361993792
random_walk,2020-01-01,10,23.460793408254105,True,True,11.168673633408044,True,True,0.8146111038880886,False,True,0.6104227766210566
random_walk,2020-01-01,11,42.41082968777122,False,True,20.815488590332897,False,True,0.8053091988857463,False,True,0.8058163235105988
random_walk,2020-01-01,12,50.434344957775124,False,True,29.23400511310783,False,True,0.7683491802957901,False,True,0.8999185757759496
random_walk,2020-02-01,1,29.840722635771062,False,False,58.16068449140499,False,False,0.22496653181591175,False,True,0.786395256548771
random_walk,2020-02-01,2,31.134706345794086,False,False,69.04005496718501,False,False,1.004245068624949,False,False,1.0994080950352594
random_walk,2020-02-01,3,22.121962519819128,False,True,34.52732070680544,False,False,0.9507903625859044,False,False,0.7813214598971044
random_walk,2020-02-01,4,9.07987666262305,True,True,13.130799284747482,True,True,0.8906922805443962,False,False,0.5510529515603206
random_walk,2020-02-01,5,11.771916022518326,True,True,9.494815353919268,True,True,0.8514081672605904,False,False,0.5167006950556404
random_walk,2020-02-01,6,15.351763279352191,True,True,10.016108569806601,True,True,0.8132380732363592,False,False,0.5340128799809163
random_walk,2020-02-01,7,20.191880069330338,False,True,9.482573254679448,True,True,0.8065989144256821,False,True,0.559210113603417
random_walk,2020-02-01,8,20.34568471883942,True,True,13.224763161320613,True,True,0.788463112568373,False,True,0.571364418530785
random_walk,2020-02-01,9,30.81148287305909,False,True,12.524623864613222,True,True,0.7632270455920169,False,True,0.6193208868606447
random_walk,2020-02-01,10,50.265147155184785,False,True,21.973830064173633,True,True,0.7247659063708971,False,True,0.8189121226205025
random_walk,2020-02-01,11,56.29600426059132,False,True,29.26052191870499,False,True,0.7071661517359005,False,True,0.9183313225460731
random_walk,2020-02-01,12,74.86313559429742,False,True,30.492650430406425,False,True,0.6992719981975105,False,True,1.0700031549207967
random_walk,2020-03-01,1,34.891498572285954,False,False,73.18796814342345,False,False,1.0850835017314895,False,False,1.1572598911919554
random_walk,2020-03-01,2,25.75055814375848,False,True,36.458729233888114,False,False,1.0314334042273592,False,False,0.8290948342859865
random_walk,2020-03-01,3,9.287608044470346,True,True,12.963037109829413,False,True,0.9912076612523009,False,False,0.6032543656069218
random_walk,2020-03-01,4,10.332341292668044,True,True,9.678343230043822,True,True,0.922266261167283,False,False,0.5563550904515694
random_walk,2020-03-01,5,13.789374454616752,True,True,9.90376473185437,True,True,0.8955950471207799,False,False,0.5622883780195487
random_walk,2020-03-01,6,18.310168037099473,False,True,9.073085932575722,True,True,0.8495249735496081,False,True,0.5651033670647724
random_walk,2020-03-01,7,17.815485098363265,False,True,13.115646343897602,True,True,0.8519124759325681,False,False,0.589314349043534
random_walk,2020-03-01,8,27.34316015247186,False,True,10.739894634768643,True,True,0.8656575873884174,False,True,0.6394239076762314
random_walk,2020-03-01,9,48.83639348387045,False,True,21.71492059867186,False,True,0.8386989283921109,False,True,0.8466367572262603
random_walk,2020-03-01,10,54.80534050890423,False,True,29.08065286083732,False,True,0.8582087286090463,False,True,0.940486111309475
random_walk,2020-03-01,11,74.98791850454711,False,True,29.88289597025762,False,True,0.8349796318129372,False,True,1.0921204041542816
random_walk,2020-03-01,12,96.87615680495676,False,False,26.519751693771134,False,True,0.7966379873470231,False,True,1.2499580925163212
random_walk,2020-04-01,1,26.389494084774757,False,False,42.83268137626426,False,False,1.067412705112177,False,False,0.8685388886554598
random_walk,2020-04-01,2,10.057068717737065,True,True,12.460295055420618,False,True,0.9798802195891179,False,False,0.5864104535702908
random_walk,2020-04-01,3,9.635199907692968,True,True,8.871605494334714,True,True,0.9557667063149606,False,False,0.5487692078805926
random_walk,2020-04-01,4,12.432353159429859,True,True,10.18160851774974,True,True,0.8990745005575576,False,False,0.5440141517758814
random_walk,2020-04-01,5,15.55242348754097,True,True,8.722729759385025,True,True,0.8383457454492409,False,True,0.5323185089656528
random_walk,2020-04-01,6,16.362930615170455,True,True,12.381567736153514,True,True,0.8016454012300849,False,False,0.5440944384371676
random_walk,2020-04-01,7,25.662694908249996,False,True,11.897017768347432,True,True,0.7976561659503516,False,True,0.5937940497225094
random_walk,2020-04-01,8,47.28403408791337,False,True,21.288045071954635,False,True,0.8099955584439498,False,True,0.8180041233361102
random_walk,2020-04-01,9,57.28585125462335,False,True,27.97847262303398,False,True,0.8266291672017967,False,True,0.9359125702604744
random_walk,2020-04-01,10,75.14054345738589,False,False,28.27175590811623,False,True,0.8320690184055717,False,True,1.0842880180996823
random_walk,2020-04-01,11,96.73474108372451,False,False,25.75688719943352,False,True,0.8437542804256505,False,True,1.2537271787536817
random_walk,2020-04-01,12,109.7996136079862,False,False,37.29909146104802,False,True,0.8013408890453401,False,True,1.424245327547571
random_walk,2020-05-01,1,8.74199708774757,False,True,16.568618649686748,False,True,1.089044216394432,False,False,0.6573592620391632
random_walk,2020-05-01,2,8.812413435975161,True,True,8.781668566340256,False,True,1.0259092019712872,False,False,0.5874989329733393
random_walk,2020-05-01,3,12.268411802655429,True,True,10.009729785829018,True,True,0.9860876357978565,False,False,0.5871207358757633
random_walk,2020-05-01,4,16.78160079844942,False,True,7.6100527034424985,True,True,0.939831737544502,False,False,0.5739694546646681
random_walk,2020-05-01,5,15.512838648411986,False,True,14.080296005776468,True,True,0.9308160401441661,False,False,0.6018515323254023
random_walk,2020-05-01,6,25.894609024926915,False,True,9.682182767226212,True,True,0.929501155147463,False,False,0.6415952177033303
random_walk,2020-05-01,7,52.41718836633222,False,False,17.070031343873303,False,True,0.8926236281494858,False,False,0.8674882091781669
random_walk,2020-05-01,8,61.64979757383239,False,False,24.316533320126084,False,True,0.8633983038324275,False,True,0.9583782006610164
random_walk,2020-05-01,9,82.79353900123007,False,False,25.627698015015348,False,True,0.8617718526430226,False,True,1.1452381980287223
random_walk,2020-05-01,10,107.44214621053555,False,False,23.4447732935681,False,True,0.8517106069783008,False,True,1.3437413042383985
random_walk,2020-05-01,11,122.60409086226197,False,False,37.12105562125232,False,True,0.8277891007974959,False,True,1.5272813054469232
random_walk,2020-05-01,12,158.91534858943345,False,False,33.32512706922863,False,True,0.8281781334046838,False,True,1.8498255697836339
random_walk,2020-06-01,1,7.505809422804829,True,True,7.535040039065416,False,True,1.0821245123201013,False,False,0.6092687006156886
random_walk,2020-06-01,2,11.738917795787799,False,True,8.010489696966937,True,True,1.0463976699136104,False,False,0.6022573302796093
random_walk,2020-06-01,3,16.468967060576936,False,True,5.780502662599513,True,True,1.0039147837010662,False,False,0.5965884106663446
random_walk,2020-06-01,4,17.146596973394388,False,True,10.025591446257522,True,True,0.9833802331860231,False,False,0.6035929042443164
random_walk,2020-06-01,5,26.673884271835682,False,True,9.114852073203195,True,True,0.931090331180306,False,False,0.6368618951978838
random_walk,2020-06-01,6,53.43478519658112,False,True,22.553286218595947,False,True,0.8647236913409242,False,False,0.8789453773239465
random_walk,2020-06-01,7,60.625543847927695,False,True,29.245489536728506,False,True,0.8471469739768347,False,True,0.9717790977261175
random_walk,2020-06-01,8,78.62795636941779,False,False,27.975385263648715,False,True,0.853416666174861,False,True,1.1163672128810058
random_walk,2020-06-01,9,100.00323147252577,False,False,24.708635003211178,False,True,0.8404791809174471,False,True,1.2837458637885293
random_walk,2020-06-01,10,110.91176108455883,False,False,36.67031997942831,False,True,0.8348550944395383,False,True,1.4361037397466554
random_walk,2020-06-01,11,146.2790997577235,False,False,31.53125650596056,False,True,0.8184941229218319,False,True,1.7415535485671614
random_walk,2020-06-01,12,118.95740143318932,False,False,21.412041986501137,False,True,0.8400658071472408,False,True,1.448960947007556
random_walk,2020-07-01,1,13.643872010596658,False,True,8.122513130539753,False,True,1.0806256863587034,False,False,0.6343672945512542
random_walk,2020-07-01,2,19.080196603191627,False,True,5.416251476932315,True,True,0.9809463168259817,False,False,0.595682568600697
random_walk,2020-07-01,3,17.89890165818785,False,True,9.904778808699467,False,True,0.9452601335254018,False,False,0.5857548781896407
random_walk,2020-07-01,4,29.747479655656367,False,True,7.431351422708268,True,True,0.8566267344147648,False,False,0.6136316578460359
random_walk,2020-07-01,5,57.42298194971012,False,False,20.542052571159306,False,True,0.8182684160473569,False,True,0.8661523191580859
random_walk,2020-07-01,6,65.79285139999568,False,False,28.826299423410145,False,True,0.7925949565414656,False,True,0.9687021902050935
random_walk,2020-07-01,7,84.28519795300548,False,False,29.160349520995123,False,True,0.7594503067783429,False,True,1.1255303858652839
random_walk,2020-07-01,8,106.41954006506589,False,False,24.533553271269977,False,True,0.734978357171364,False,True,1.3030581044862213
random_walk,2020-07-01,9,117.9269053100171,False,False,37.095595031430335,False,True,0.7360943076343798,False,True,1.469233496754808
random_walk,2020-07-01,10,153.55229368723283,False,False,33.382831076919665,False,True,0.7179295335596972,False,True,1.7953051348999185
random_walk,2020-07-01,11,128.09528239590904,False,False,24.96742302088964,False,True,0.7172979715283988,False,True,1.5058354783306114
random_walk,2020-07-01,12,119.52320321406432,False,False,14.94276414837583,True,True,0.6101976812980615,False,True,1.359693257908873
random_walk,2020-08-01,1,20.955048887471246,False,True,3.727234441263324,True,True,1.0697375759346857,False,False,0.6452398456759513
random_walk,2020-08-01,2,18.913648574417046,False,True,9.728210118902513,False,True,1.028512240367498,False,False,0.6359783315917866
random_walk,2020-08-01,3,29.328284096763532,False,False,7.380623457323669,True,True,0.9678229689027872,False,False,0.6653781753874983
random_walk,2020-08-01,4,57.32621390580812,False,False,19.752033651340057,False,True,0.9122319502994223,False,False,0.9020380440532474
random_walk,2020-08-01,5,62.858252615028164,False,False,28.788586256043544,False,True,0.8965653257373394,False,False,0.9949189190760113
random_walk,2020-08-01,6,82.75287908901208,False,False,28.240676885799594,False,True,0.888242780934241,False,False,1.1568505601287713
random_walk,2020-08-01,7,104.02095151369241,False,False,26.534362563155973,False,True,0.8388949029111332,False,True,1.3290210691250355
random_walk,2020-08-01,8,116.91774011642107,False,False,40.787711964087876,False,True,0.8027345356534646,False,True,1.5036161861177169
random_walk,2020-08-01,9,152.50804602652903,False,False,35.5070991242031,False,True,0.8110767023354356,False,True,1.8295023334446197
random_walk,2020-08-01,10,124.71037657343712,False,False,23.50531101046591,False,True,0.8038596009516072,False,True,1.5122235847735572
random_walk,2020-08-01,11,115.10931876537542,False,False,14.02100163550082,True,True,0.6683855681266424,False,True,1.3564479751642056
random_walk,2020-08-01,12,111.7410148994985,False,False,14.230374397436584,True,True,0.5826248586135202,False,True,1.289760227412106
random_walk,2020-09-01,1,20.617570933629658,False,False,12.502179174582349,False,True,1.1012190705778375,False,False,0.6835264748886383
random_walk,2020-09-01,2,33.91893942923394,False,False,5.634371619349944,True,True,1.0490432557650147,False,False,0.7125817881883283
random_walk,2020-09-01,3,62.59408217047745,False,False,21.510974813978102,False,True,0.9872626973296184,False,False,0.968512522555101
random_walk,2020-09-01,4,68.40160192069992,False,False,29.87157740458803,False,True,0.9525914553845769,False,False,1.044399752072585
random_walk,2020-09-01,5,86.64334803403025,False,False,28.84968813549979,False,True,0.9197094554676406,False,False,1.191944239169123
random_walk,2020-09-01,6,109.77136397011336,False,False,25.314832471835313,False,True,0.8774529987558477,False,False,1.374347713280907
random_walk,2020-09-01,7,121.97848220798915,False,False,40.504042030094084,False,True,0.8175108443842538,False,True,1.5466988159891724
random_walk,2020-09-01,8,159.34225199864375,False,False,35.17476953364641,False,True,0.7912450226192392,False,True,1.8849329363020046
random_walk,2020-09-01,9,131.1804149410613,False,False,24.00020814794422,False,True,0.7523354225288605,False,True,1.554557485090633
random_walk,2020-09-01,10,123.38670047536829,False,False,14.151693600220316,True,True,0.6644969540921346,False,True,1.4111485270357664
random_walk,2020-09-01,11,119.19446199462409,False,False,12.822384732431306,True,True,0.5512652613252194,False,True,1.3417030187621446
random_walk,2020-09-01,12,114.30971472678166,False,False,13.760131918114578,True,True,0.23068120137671777,True,True,1.223082429530293
random_walk,2020-10-01,1,35.35828573282957,False,False,6.05057532116269,False,True,1.0965603729597797,False,False,0.7420201699321232
random_walk,2020-10-01,2,59.8977467853917,False,False,27.737772220066272,False,False,1.0390114775872914,False,False,0.9748893410595897
random_walk,2020-10-01,3,65.95595101074932,False,False,34.235356088885695,False,False,1.010487558647828,False,False,1.0538847194002305
random_walk,2020-10-01,4,86.51950076306387,False,False,34.18859110124793,False,True,0.9708982134337353,False,False,1.2216550487032682
random_walk,2020-10-01,5,109.03562504775456,False,False,31.20405428010818,False,True,0.9347062927961497,False,False,1.3973506414092198
random_walk,2020-10-01,6,122.44044848392761,False,False,44.37856413096891,False,True,0.8982920951595101,False,False,1.56855824790668
random_walk,2020-10-01,7,159.3340508390429,False,False,40.51507674659365,False,True,0.8523150403480403,False,True,1.907899685474725
random_walk,2020-10-01,8,129.44966070510986,False,False,28.014581951700517,False,True,0.8095819925494638,False,True,1.5617325099768273
random_walk,2020-10-01,9,120.68897141215277,False,False,15.20132603165477,True,True,0.666820420685698,False,True,1.393996086790836
random_walk,2020-10-01,10,116.54397486210867,False,False,12.911671029606268,True,True,0.591869530245866,False,True,1.3161631183053668
random_walk,2020-10-01,11,113.15727938258613,False,False,14.174402495541973,True,True,0.2633418369970334,True,True,1.203866437555753
random_walk,2020-10-01,12,135.61766741476947,False,False,23.837672853947588,True,True,0.3485539501268451,True,True,1.4903468072385324
random_walk,2020-11-01,1,65.20803981000867,False,False,28.310160175345395,False,False,1.098134234870869,False,False,1.0299511331214757
random_walk,2020-11-01,2,70.67229100671476,False,False,36.62671777474763,False,False,0.9987273413511483,False,False,1.085648240335186
random_walk,2020-11-01,3,90.53647164907397,False,False,34.63650880457417,False,False,0.9570938049209179,False,False,1.2405537102569917
random_walk,2020-11-01,4,111.94407813229262,False,False,30.559017105466804,False,True,0.8971027868705006,False,False,1.4156642705776088
random_walk,2020-11-01,5,122.73149841929802,False,False,47.56057258741621,False,False,0.877249226715755,False,False,1.581210535869766
random_walk,2020-11-01,6,156.40006088317273,False,False,41.780339682581925,False,False,0.8435626584358522,False,False,1.8847241221485742
random_walk,2020-11-01,7,127.42050173253466,False,False,28.332036814053353,False,True,0.8229776387914458,False,False,1.548752415911857
random_walk,2020-11-01,8,114.31469811251434,False,False,13.606858527193872,True,True,0.6788296117777941,False,True,1.3417472824936336
random_walk,2020-11-01,9,110.89374826623211,False,False,10.807908228212487,True,True,0.5472314061382174,False,True,1.2645967254460184
random_walk,2020-11-01,10,106.03374154378042,False,False,12.571583876930916,True,True,0.22830071866259372,True,True,1.1460918469882357
random_walk,2020-11-01,11,123.55998307429307,False,False,25.71589775481664,False,True,0.3504263344430907,True,True,1.408013861634383
random_walk,2020-11-01,12,120.34597712720335,False,False,24.84654264351467,False,True,0.6744441896391932,False,True,1.4384691666284568
random_walk,2020-12-01,1,6.554522548204034,True,True,6.780607633015361,False,True,0.064162667272847,True,True,0.12574910438559506
random_walk,2020-12-01,2,18.583067007126413,False,True,7.615231019291903,True,True,0.10364383015895431,True,True,0.24767372317435832
random_walk,2020-12-01,3,37.207760562069105,False,False,6.999235624933865,True,True,0.1274400891428804,True,True,0.42122627883921093
random_walk,2020-12-01,4,50.491106327308415,False,False,14.085440576098986,False,True,0.13445182550174156,True,True,0.5868115214749233
random_walk,2020-12-01,5,86.45474180867568,False,False,12.886126108275672,True,True,0.16530900809936028,True,True,0.9329533184208082
random_walk,2020-12-01,6,58.86678414351434,False,False,9.81551276846439,True,True,0.1786242692586748,True,True,0.6463931043792848
random_walk,2020-12-01,7,50.96285836757217,False,False,12.270535950120529,True,True,0.19733309120110415,True,True,0.5817859691507046
random_walk,2020-12-01,8,45.297254144797336,False,True,29.060092265942256,False,True,0.2551265632514152,True,True,0.6559877135253354
random_walk,2020-12-01,9,42.77547405957427,False,True,31.61106924474746,False,True,0.6684556778726755,False,True,0.7818534024016648
random_walk,2020-12-01,10,60.396048118393104,False,False,59.54845761706452,False,False,1.272679865094692,False,False,1.2732392973716011
random_walk,2020-12-01,11,60.471164600085885,False,True,57.72782557481121,False,False,1.7694601680939246,False,False,1.450519786013424
random_walk,2020-12-01,12,50.12440705340476,False,True,91.01465609451472,False,False,2.4011678546684987,False,False,1.8225340921116953
random_walk,2021-01-01,1,19.557125914599943,False,True,7.360239664135541,False,True,0.06557689819442111,True,True,0.24218050893752768
random_walk,2021-01-01,2,41.32083271455169,False,False,5.682257678026474,True,True,0.0986102220911079,True,True,0.4493403241766217
random_walk,2021-01-01,3,53.62604295599982,False,False,14.573786913870585,False,True,0.11341501293623601,True,True,0.6154854429773562
random_walk,2021-01-01,4,90.38362185103053,False,False,10.898904884069157,True,True,0.12208832238724737,True,True,0.9761203578465814
random_walk,2021-01-01,5,61.895852905958016,False,False,8.126723097894157,True,True,0.15911304075001553,True,True,0.6754408697587848
random_walk,2021-01-01,6,53.41359400061806,False,False,13.949305916734993,True,True,0.1865401995707055,True,True,0.6252856163800384
random_walk,2021-01-01,7,51.66424366521824,False,True,31.402939523055387,False,True,0.2273462133405646,True,True,0.7193858903510044
random_walk,2021-01-01,8,49.30835175189223,False,True,33.01354810586629,False,True,0.6665904138097306,False,True,0.8440614132102154
random_walk,2021-01-01,9,66.8183966239146,False,False,57.640197866492215,False,False,1.296890609436824,False,False,1.3094443964494369
random_walk,2021-01-01,10,63.81513232620667,False,False,56.05411449694728,False,True,1.7954787380762234,False,False,1.4644448966449501
random_walk,2021-01-01,11,51.9678787767254,False,True,90.29416367977522,False,False,2.47319517087462,False,False,1.843100254078439
random_walk,2021-01-01,12,60.98089980930855,False,False,63.15257759379162,False,False,3.1783717883403892,False,False,2.0663316998304984
random_walk,2021-02-01,1,48.063784578888786,False,False,5.502804079068461,True,True,0.05977824774698981,True,True,0.5156045153740901
random_walk,2021-02-01,2,58.35754969031046,False,False,15.15964147980889,False,True,0.10851254336061597,True,True,0.6595100238228102
random_walk,2021-02-01,3,92.95113669302783,False,False,10.544405873773183,True,True,0.13520623217411054,True,True,0.9961282857376664
random_walk,2021-02-01,4,65.48174620193619,False,False,6.951624884030689,True,True,0.13981056150354404,True,True,0.7026791008302056
random_walk,2021-02-01,5,55.16563574998821,False,False,13.638078902564004,True,True,0.18666580255031118,True,True,0.6405911698406233
random_walk,2021-02-01,6,50.92086246653923,False,True,34.08638819181367,False,True,0.2253646589582634,True,True,0.7226892674946899
random_walk,2021-02-01,7,48.13164479481625,False,True,36.096264871299724,False,True,0.6754194658855199,False,True,0.8416428070856333
random_walk,2021-02-01,8,66.67447283607629,False,False,61.93086706636865,False,False,1.3494396725103237,False,False,1.3429320473210484
random_walk,2021-02-01,9,63.79992199028223,False,True,59.53573481364482,False,False,1.8148719186228384,False,False,1.4768313388847363
random_walk,2021-02-01,10,52.23210496105979,False,True,94.02544511254266,False,False,2.4891937140624725,False,False,1.8640076269111774
random_walk,2021-02-01,11,57.843281762998,False,True,65.95945508080841,False,True,3.1855101602344824,False,False,2.0440973227853103
random_walk,2021-02-01,12,62.1333023761455,False,True,52.06951956277151,False,True,4.495968901221497,False,False,2.630973519968347
random_walk,2021-03-01,1,60.80967694090956,False,False,17.059374431312804,False,True,0.07774717142186047,True,True,0.686809237469668
random_walk,2021-03-01,2,93.4767273944203,False,False,13.360821670835627,False,True,0.10072917859371236,True,True,1.0163300042266301
random_walk,2021-03-01,3,62.23143548465936,False,False,6.519956187371527,True,True,0.12440698715055465,True,True,0.6602808328358223
random_walk,2021-03-01,4,54.603640506172084,False,False,12.44464768681173,True,True,0.16177787796459514,True,True,0.6099746315646426
random_walk,2021-03-01,5,48.72548229133197,False,False,30.655103952732183,False,True,0.2106852066006531,True,True,0.6736152474503723
random_walk,2021-03-01,6,46.019875942665564,False,True,32.66504720741844,False,True,0.7025993532368029,False,True,0.8107423931696011
random_walk,2021-03-01,7,64.84898156309467,False,False,59.57906657735758,False,False,1.3507722374981441,False,False,1.3077357955078792
random_walk,2021-03-01,8,59.312615634731785,False,True,58.01963940782194,False,False,1.779740239286022,False,False,1.4221597045035426
random_walk,2021-03-01,9,50.54043700631816,False,True,91.50291869133306,False,False,2.4783318512947865,False,False,1.831949485323281
random_walk,2021-03-01,10,57.53711642048497,False,True,64.3222823682052,False,False,3.1839564821507285,False,False,2.0367486250173723
random_walk,2021-03-01,11,61.71680553337914,False,True,50.29029942211632,False,True,4.4700290483158245,False,False,2.6147726686903416
random_walk,2021-03-01,12,72.10085691803744,False,False,43.08079680203481,False,True,4.613229753645665,False,False,2.712030366940904
random_walk,2021-04-01,1,103.8211643892973,False,False,13.14197669629107,False,True,0.0674786401798117,True,True,1.1392327709211625
random_walk,2021-04-01,2,73.55755040814518,False,False,6.559897043213857,True,True,0.10020350142161424,True,True,0.777423128116791
random_walk,2021-04-01,3,61.989221669302644,False,False,10.926634378517392,False,True,0.14210048261089941,True,True,0.6698377717133155
random_walk,2021-04-01,4,55.97790453025802,False,False,30.050262784723408,False,True,0.19298765521106487,True,True,0.730308645997312
random_walk,2021-04-01,5,52.477099936487434,False,True,33.09168117476995,False,False,0.6584757502131171,False,True,0.849524647858209
random_walk,2021-04-01,6,69.69922610048094,False,False,60.839106477674164,False,False,1.3122751050367527,False,False,1.3265033926319607
random_walk,2021-04-01,7,66.79827565838383,False,False,59.147337553597396,False,False,1.7906929959408868,False,False,1.4632333730506444
random_walk,2021-04-01,8,58.001852810766,False,True,92.93309703544253,False,False,2.4675278607132958,False,False,1.8490139514126258
random_walk,2021-04-01,9,67.29864265011832,False,False,64.44107563351989,False,False,3.191930470487212,False,False,2.0673869858118636
random_walk,2021-04-01,10,71.64033344991725,False,False,50.327521896983654,False,True,4.4656785251879025,False,False,2.6425294827680856
random_walk,2021-04-01,11,82.51382950724204,False,False,41.91562751137582,False,True,4.542048442682159,False,False,2.7026973811399113
random_walk,2021-04-01,12,79.02957734967255,False,False,54.51961829790291,False,True,5.901947115965108,False,False,3.4012651317857983
random_walk,2021-05-01,1,72.76914071578778,False,False,5.472479377108176,True,True,0.07918605636064413,True,True,0.7689070052097665
random_walk,2021-05-01,2,58.62640098176511,False,False,9.628253222713015,False,True,0.13438250960688986,True,True,0.629143927265632
random_walk,2021-05-01,3,52.052443158221706,False,False,28.951296882586675,False,True,0.1722596230359586,True,True,0.6726677372874776
random_walk,2021-05-01,4,49.8277940804746,False,False,30.13958801200859,False,True,0.6932104122983169,False,False,0.8022903621124284
random_walk,2021-05-01,5,68.5917870200893,False,False,57.50068267057129,False,False,1.3979953651048986,False,False,1.3086739908937652
random_walk,2021-05-01,6,66.69945665855924,False,False,56.28069258102827,False,True,1.8321656764044785,False,False,1.446113173634974
random_walk,2021-05-01,7,56.027337357615096,False,False,89.46656421893434,False,False,2.532116287720007,False,False,1.8452684459571707
random_walk,2021-05-01,8,62.107291497518524,False,False,59.939280951391,False,False,3.277155551063218,False,False,2.0616162246785645
random_walk,2021-05-01,9,68.31319041498242,False,False,46.91760446465486,False,True,4.538744327311514,False,False,2.6537117795640692
random_walk,2021-05-01,10,80.84347921494987,False,False,39.596018980189534,False,True,4.667941954856863,False,False,2.7493286619189443
random_walk,2021-05-01,11,78.02837992010107,False,False,53.575782790928514,False,True,6.023547491420541,False,False,3.4598879407178527
random_walk,2021-05-01,12,43.86508619671023,False,True,84.26853542222709,False,False,7.0273180513570255,False,False,3.9604257772206735
random_walk,2021-06-01,1,65.9869989006723,False,False,8.676266212667628,False,True,0.09250643239419731,True,True,0.7054910576200655
random_walk,2021-06-01,2,57.350721433456215,False,False,32.63048436980866,False,False,0.15561121923558469,True,True,0.7252167981367059
random_walk,2021-06-01,3,52.34498220216806,False,False,33.585050253343276,False,False,0.702977744033169,False,False,0.8269265016252075
random_walk,2021-06-01,4,70.50397244551695,False,False,60.52187827833001,False,False,1.405690757158081,False,False,1.3239032264479398
random_walk,2021-06-01,5,68.52749380834081,False,False,57.8028746861531,False,False,1.8226594428653873,False,False,1.4493088572927104
random_walk,2021-06-01,6,56.97714369337015,False,False,90.48932207892167,False,False,2.544664851072125,False,False,1.8492775983137075
random_walk,2021-06-01,7,65.1470890787145,False,False,62.37243041119936,False,False,3.2709147153037645,False,False,2.0734125516023063
random_walk,2021-06-01,8,69.89595157892597,False,False,47.04456492321475,False,True,4.523145269888387,False,False,2.6456545611360918
random_walk,2021-06-01,9,80.29681045659568,False,False,38.523316004530926,False,True,4.644002253913002,False,False,2.720717338686963
random_walk,2021-06-01,10,76.40350289944291,False,False,48.64476624706258,False,True,6.054246545940364,False,False,3.4410058964293513
random_walk,2021-06-01,11,41.78082857714147,False,True,79.84451172269895,False,False,7.041660114921597,False,False,3.929794673298548
random_walk,2021-06-01,12,31.547172620105023,False,True,85.2538439394531,False,False,7.83199099638695,False,False,4.333665657601374
random_walk,2021-07-01,1,62.40301537937657,False,False,37.73698606206231,False,False,0.16164314893612702,False,True,0.7950340566667494
random_walk,2021-07-01,2,56.69713319673961,False,False,40.22041118669387,False,False,0.78031058653302,False,False,0.9046413579888738
random_walk,2021-07-01,3,74.39764548432117,False,False,68.25711350686117,False,False,1.5107202636645478,False,False,1.410406285582485
random_walk,2021-07-01,4,69.48397518675112,False,False,64.28253623670413,False,False,1.98815112269574,False,False,1.536988600131573
random_walk,2021-07-01,5,57.91911042735154,False,False,97.19605996040525,False,False,2.691016480922288,False,False,1.9324780343446397
random_walk,2021-07-01,6,66.13856585489343,False,False,70.42338114148397,False,False,3.390725140258738,False,False,2.1467223672209292
random_walk,2021-07-01,7,69.75599763063326,False,False,57.575810600292996,False,False,4.651755745760105,False,False,2.7266387654670425
random_walk,2021-07-01,8,82.02724892550776,False,False,48.90358215559155,False,False,4.742241812638396,False,False,2.7939170543755347
random_walk,2021-07-01,9,78.73228490800179,False,False,62.8146906051534,False,False,6.082258438930995,False,False,3.4845551928229535
random_walk,2021-07-01,10,47.42585219339099,False,True,95.80471066518854,False,False,7.098075545440813,False,False,4.001767899695066
random_walk,2021-07-01,11,36.8425548376788,False,True,103.09584281673781,False,False,7.838584036349218,False,False,4.385360446410772
random_walk,2021-07-01,12,14.255875147550192,True,True,196.90937884968568,False,False,8.475445179882081,False,False,5.019454706412593
random_walk,2021-08-01,1,59.79523871367522,False,False,40.45886247566615,False,False,0.8808690015470837,False,False,0.9395160265079668
random_walk,2021-08-01,2,76.98920825801702,False,False,66.89915587717832,False,False,1.5360024546134627,False,False,1.4155946152496455
random_walk,2021-08-01,3,75.41309530066944,False,False,62.45733748889165,False,False,1.977468236949797,False,False,1.5490392578392553
random_walk,2021-08-01,4,65.3040914282503,False,False,96.26852746477832,False,False,2.6928864618809927,False,False,1.950815515808801
random_walk,2021-08-01,5,72.00025982879924,False,False,65.36576340081925,False,False,3.409339259260943,False,False,2.15500438945391
random_walk,2021-08-01,6,79.37142174294867,False,False,50.79056685689667,False,False,4.6690273775236895,False,False,2.742966237352589
random_walk,2021-08-01,7,87.35884414284874,False,False,45.25583982507186,False,True,4.788367860435133,False,False,2.8102375084474147
random_walk,2021-08-01,8,83.39341084303864,False,False,58.28229734167992,False,True,6.115192169732289,False,False,3.4973970214286627
random_walk,2021-08-01,9,48.076575833923165,False,True,90.32175250985867,False,False,7.098991485197382,False,False,3.9895954646435103
random_walk,2021-08-01,10,37.73626800008595,False,True,97.18214890388695,False,False,7.865505087427598,False,False,4.376067863579125
random_walk,2021-08-01,11,14.527037723981088,True,True,191.78782801052284,False,False,8.467728270090205,False,False,4.982568804794501
random_walk,2021-08-01,12,16.125170561888822,True,True,142.22777175743641,False,False,8.757374406053986,False,False,4.939277290864601
random_walk,2021-09-01,1,83.0683473092638,False,False,70.87176021689176,False,False,1.5516535049746636,False,False,1.4712041179856838
random_walk,2021-09-01,2,79.35227703191562,False,False,64.97665185260483,False,False,1.9847451539836372,False,False,1.5751748489415482
random_walk,2021-09-01,3,64.87420681333427,False,False,96.03390012881881,False,False,2.5911353350969524,False,False,1.905821223803315
random_walk,2021-09-01,4,72.73692869732108,False,False,67.7454569809554,False,False,3.277311769805819,False,False,2.110510139637333
random_walk,2021-09-01,5,79.66611652674726,False,False,52.64249026071637,False,False,4.570756388699305,False,False,2.704441933066035
random_walk,2021-09-01,6,90.4616240631919,False,False,43.06788326169687,False,False,4.646607162277109,False,False,2.7610855656009106
random_walk,2021-09-01,7,86.6082569020767,False,False,56.945093495126436,False,False,5.986783927964825,False,False,3.448304665454045
random_walk,2021-09-01,8,51.14574803111917,False,True,89.75339362258373,False,False,6.944947621146319,False,False,3.9178960016406434
random_walk,2021-09-01,9,37.46262873566963,False,True,98.06881593386542,False,False,7.736262348546524,False,False,4.321812128772656
random_walk,2021-09-01,10,13.992419668004999,True,True,194.6494437227793,False,False,8.298765953501611,False,False,4.926234600068976
random_walk,2021-09-01,11,13.448118609770951,True,True,144.6822468560368,False,False,8.595038315708795,False,False,4.871179946831611
random_walk,2021-09-01,12,13.572448710622474,True,True,159.6538678699573,False,False,9.369738473469663,False,False,5.326353348121481
random_walk,2021-10-01,1,80.9305369453999,False,False,70.24992434935561,False,False,2.0837512108748366,False,False,1.6388238659366332
random_walk,2021-10-01,2,66.8501977666858,False,False,100.88958950184168,False,False,2.7285071746547382,False,False,1.9875940590094188
random_walk,2021-10-01,3,74.89063249372899,False,False,71.80287876841281,False,False,3.45213105604765,False,False,2.2100797815661672
random_walk,2021-10-01,4,78.3062015185593,False,False,53.99362315373307,False,False,4.690728895984338,False,False,2.7731253673854606
random_walk,2021-10-01,5,91.98356663810287,False,False,45.363983680963614,False,False,4.7755939975241,False,False,2.8442139413928413
random_walk,2021-10-01,6,85.00332276425624,False,False,60.012744716011696,False,False,6.094352778674335,False,False,3.5170432027709455
random_walk,2021-10-01,7,49.794741627419555,False,True,90.69018507691715,False,False,7.072680868372681,False,False,3.9966949342587164
random_walk,2021-10-01,8,37.57598648892444,False,True,99.05457321651762,False,False,7.842862892805683,False,False,4.392133196236031
random_walk,2021-10-01,9,13.910581186499101,True,True,192.52720196883803,False,False,8.463195590308823,False,False,4.99446591217492
random_walk,2021-10-01,10,15.229699856428603,True,True,144.91953721397954,False,False,8.712966252438582,False,False,4.93559232688716
random_walk,2021-10-01,11,15.364941669690275,True,True,159.71958305482815,False,False,9.510099726020027,False,False,5.392898760435209
random_walk,2021-10-01,12,16.86237451835504,True,True,194.35806338123584,False,False,9.992251119097727,False,False,5.760108378484633
random_walk,2021-11-01,1,71.70473871013687,False,False,106.58923831811978,False,False,2.7861695882716884,False,False,2.0577789894617426
random_walk,2021-11-01,2,75.72717038886486,False,False,74.27015561677577,False,False,3.460538413648237,False,False,2.2231604752627474
random_walk,2021-11-01,3,80.37439877232845,False,False,58.05130395513294,False,False,4.67984022998275,False,False,2.786226759550828
random_walk,2021-11-01,4,93.54089017782347,False,False,48.88287979855325,False,False,4.807484076577752,False,False,2.876807593628632
random_walk,2021-11-01,5,88.79457329336965,False,False,62.9900168985323,False,False,6.123841697004208,False,False,3.558560202587752
random_walk,2021-11-01,6,52.00355901877734,False,False,95.66602089813259,False,False,7.073744506063269,False,False,4.03472787376084
random_walk,2021-11-01,7,39.73988915021817,False,True,103.10139521737517,False,False,7.813829727027117,False,False,4.418597393986088
random_walk,2021-11-01,8,11.886039279444635,True,True,197.46951690425743,False,False,8.414913090185388,False,False,5.019367408330632
random_walk,2021-11-01,9,13.880973621267064,True,True,148.41532441339876,False,False,8.709779388079657,False,False,4.977367263042772
random_walk,2021-11-01,10,12.727518278121629,True,True,164.7555805716022,False,False,9.484127280790274,False,False,5.428249218818958
random_walk,2021-11-01,11,13.177693241639886,True,True,198.2156020025248,False,False,10.000195137606504,False,False,5.810602921270377
random_walk,2021-11-01,12,14.884060713057053,True,True,160.3699253057449,False,False,10.131547989499841,False,False,5.749410682578834
random_walk,2021-12-01,1,6.278681933932409,True,True,19.66632333032883,False,False,0.5935906736230476,False,False,0.39262497473573316
random_walk,2021-12-01,2,11.798590038204077,False,True,31.060108678541965,False,False,1.8232707925502056,False,False,1.0333456611896668
random_walk,2021-12-01,3,20.07583960298108,False,True,38.001149383861296,False,False,1.910041670577817,False,False,1.126758463162173
random_walk,2021-12-01,4,18.377511434856775,False,True,22.938208219578076,False,True,3.282236763755788,False,False,1.7698311083238185
random_walk,2021-12-01,5,10.400204680355337,True,True,8.57098422284544,True,True,4.253110273739509,False,False,2.2350233108405786
random_walk,2021-12-01,6,16.211520542142225,True,True,9.68425984486927,True,True,5.0094666518242645,False,False,2.6451108191638877
random_walk,2021-12-01,7,65.76251089897737,False,False,77.75168959152788,False,False,5.60399413920618,False,False,3.2421355052883056
random_walk,2021-12-01,8,48.04207654765537,False,True,31.62264105515071,False,True,5.870075228054694,False,False,3.2197978699395584
random_walk,2021-12-01,9,55.4038221265553,False,True,45.355350689455264,False,True,6.62476249849149,False,False,3.6666139745585253
random_walk,2021-12-01,10,58.45747791939746,False,True,75.18763848280281,False,False,7.091392794580216,False,False,3.9792550595758778
random_walk,2021-12-01,11,45.104626586254355,False,True,42.34275809372864,False,True,7.2309940347202115,False,False,3.941179324553486
random_walk,2021-12-01,12,34.75570951262682,False,True,17.239900300636712,True,True,7.251365557709647,False,False,3.862453332186386
random_walk,2022-01-01,1,10.83130690341838,False,True,32.34350550102502,False,False,1.8667021298734294,False,False,1.072524669913781
random_walk,2022-01-01,2,20.04603725569275,False,True,34.644279078650555,False,False,1.9149262299052556,False,False,1.1259725737107877
random_walk,2022-01-01,3,15.796151265980413,False,True,19.253517109900724,False,True,3.2012963068111264,False,False,1.7371766909081516
random_walk,2022-01-01,4,9.721062656460212,True,True,7.147787622031117,True,True,4.146312998738423,False,False,2.200229515143065
random_walk,2022-01-01,5,15.68303185545794,True,True,8.52950843455086,True,True,4.834785113109469,False,False,2.5839301312401246
random_walk,2022-01-01,6,67.19288931783709,False,False,83.51418660086657,False,False,5.351913909226623,False,False,3.1585821983130504
random_walk,2022-01-01,7,48.87918332478242,False,True,35.204276069298075,False,True,5.644831236252265,False,False,3.1273431096178963
random_walk,2022-01-01,8,56.11382913806207,False,True,47.63844766699377,False,True,6.438629047728448,False,False,3.5926300317289566
random_walk,2022-01-01,9,58.56798920408127,False,True,78.64088170540133,False,False,6.961563368307825,False,False,3.9392413007010836
random_walk,2022-01-01,10,41.83192720550473,False,True,41.60576673123175,False,True,7.185147948800895,False,False,3.921992319480613
random_walk,2022-01-01,11,30.65797565593239,False,True,17.09267418243879,True,True,7.10892029334423,False,False,3.802826469448493
random_walk,2022-01-01,12,18.66113990320295,True,True,17.47775752829134,True,True,7.072540049862656,False,False,3.747619092083877
random_walk,2022-02-01,1,22.285610064144976,False,True,40.47860502120646,False,False,2.0433784489124744,False,False,1.2136352563634607
random_walk,2022-02-01,2,15.951113089002641,False,True,22.001238259418013,False,True,3.3318921188554027,False,False,1.8141353688217676
random_walk,2022-02-01,3,9.139032878029411,True,True,6.905626288506529,True,True,4.297868678048189,False,False,2.289141950212859
random_walk,2022-02-01,4,17.046219716804647,False,True,7.998590973264012,True,True,4.991720457863738,False,False,2.6776964063292925
random_walk,2022-02-01,5,73.51288151254253,False,False,85.63492283378417,False,False,5.610475373109127,False,False,3.3061425044129233
random_walk,2022-02-01,6,52.54828521716191,False,False,37.746569046201884,False,True,5.883525372847026,False,False,3.2728031447362635
random_walk,2022-02-01,7,57.9639822613242,False,False,49.69692748221546,False,False,6.6433640162043455,False,False,3.7104253382315813
random_walk,2022-02-01,8,61.54489621727778,False,False,82.33313220963532,False,False,7.1342372346501906,False,False,4.03799377701552
random_walk,2022-02-01,9,46.403556326040146,False,True,43.36103310396824,False,True,7.291094910620577,False,False,4.006278756301139
random_walk,2022-02-01,10,35.593226474557774,False,True,17.29420827511287,True,True,7.2336205736345445,False,False,3.898053911143207
random_walk,2022-02-01,11,20.362849218409032,True,True,16.461659858106987,True,True,7.25014801095622,False,False,3.867479591393459
random_walk,2022-02-01,12,20.812810200124765,True,True,31.052876771780415,False,True,7.218351331752676,False,False,3.876364419588181
random_walk,2022-03-01,1,18.916576502269432,False,True,24.508901265050678,False,False,3.341587518375048,False,False,1.8546936774758558
random_walk,2022-03-01,2,7.775760579279876,True,True,4.933081727229476,True,True,4.338625120754464,False,False,2.3352025831954566
random_walk,2022-03-01,3,13.895928167158313,False,True,7.47234796856068,True,True,5.071079619016557,False,False,2.7358577866504716
random_walk,2022-03-01,4,70.91861997081922,False,False,89.40504821213223,False,False,5.628801606014719,False,False,3.3176342219109767
random_walk,2022-03-01,5,49.81700028081746,False,False,37.74578470716117,False,True,5.9163672392571796,False,False,3.2857345112668317
random_walk,2022-03-01,6,57.4618566980069,False,False,51.623036064124896,False,False,6.674680744941309,False,False,3.722767842149425
random_walk,2022-03-01,7,63.61310017806747,False,False,83.7494937907987,False,False,7.1831615976959435,False,False,4.074944849849874
random_walk,2022-03-01,8,47.77016499904287,False,True,46.10520365064533,False,True,7.365639815503555,False,False,4.049943466773601
random_walk,2022-03-01,9,34.9307427226003,False,True,17.612349237990134,True,True,7.344330629835897,False,False,3.954330346262519
random_walk,2022-03-01,10,19.346554634887873,True,True,16.219087818612138,True,True,7.3142692238804825,False,False,3.891507435219698
random_walk,2022-03-01,11,19.801150607061786,True,True,30.732538700279523,False,True,7.285953478832954,False,False,3.9009246777413753
random_walk,2022-03-01,12,22.111442248799527,True,True,23.799541646446986,False,True,7.281639393808987,False,False,3.8860182382491266
random_walk,2022-04-01,1,5.715700610191057,True,True,3.6166047887427606,True,True,4.407172885734033,False,False,2.3883683873753574
random_walk,2022-04-01,2,15.380286548771831,False,True,6.943789738762016,True,True,5.0691174361467235,False,False,2.7415436483841393
random_walk,2022-04-01,3,73.81318929120091,False,False,89.38149561725686,False,False,5.628871432026045,False,False,3.3132197924999387
random_walk,2022-04-01,4,49.77229094152217,False,False,38.86267966000237,False,True,5.930098073869235,False,False,3.2837910352568325
random_walk,2022-04-01,5,58.39274496400098,False,False,52.01568915304331,False,False,6.6698575738545305,False,False,3.713955519910902
random_walk,2022-04-01,6,60.71576748638803,False,False,82.63342864925426,False,False,7.179304565613714,False,False,4.045036165126884
random_walk,2022-04-01,7,42.02623172591214,False,True,44.211339181837396,False,False,7.316431582061345,False,False,3.9947867610886463
random_walk,2022-04-01,8,28.901003531551975,False,True,16.479376326054417,True,True,7.30411508519208,False,False,3.910307387986148
random_walk,2022-04-01,9,16.19739192677627,True,True,15.305107993606534,True,True,7.342593783442513,False,False,3.889732018256468
random_walk,2022-04-01,10,18.496027700085904,True,True,31.579789730845434,False,True,7.286048580933716,False,False,3.8793892669231247
random_walk,2022-04-01,11,19.896826972337955,True,True,22.04589915209504,False,True,7.305415835507352,False,False,3.8667611639517765
random_walk,2022-04-01,12,20.67927659674782,True,True,24.581798536991442,False,True,7.289993360416683,False,False,3.8593374514193743
random_walk,2022-05-01,1,15.096193479859355,False,True,4.7747995058411306,True,True,5.159996409605113,False,False,2.7880632901147933
random_walk,2022-05-01,2,74.10162819293221,False,False,92.69301562086997,False,False,5.6873076724257485,False,False,3.321587609585079
random_walk,2022-05-01,3,53.21704771785666,False,False,39.80837637346714,False,False,5.970753749108768,False,False,3.2853036440787187
random_walk,2022-05-01,4,61.21580059934375,False,False,54.1302102318175,False,False,6.698160393352922,False,False,3.7039102274305216
random_walk,2022-05-01,5,64.76842272166985,False,False,88.64508767114751,False,False,7.146222529575491,False,False,4.011056546778297
random_walk,2022-05-01,6,45.65213350227657,False,True,49.525939976684526,False,True,7.291351305399241,False,False,3.95876589581021
random_walk,2022-05-01,7,32.83545422896005,False,True,17.73722152972807,False,True,7.21432241836728,False,False,3.8404445065705692
random_walk,2022-05-01,8,17.176700098866366,True,True,13.447759984423385,True,True,7.190383626365646,False,False,3.780430924620883
random_walk,2022-05-01,9,17.36869455258057,True,True,27.34201540395905,False,True,7.173313599502082,False,False,3.780833637994708
random_walk,2022-05-01,10,19.167321010417425,True,True,19.60089655690352,True,True,7.180125632590096,False,False,3.766870312973823
random_walk,2022-05-01,11,20.964664679472094,True,True,23.799182919803012,False,True,7.130009199940704,False,False,3.735147760263978
random_walk,2022-05-01,12,34.37998600852611,False,True,27.767493325684207,False,True,7.102892349309473,False,False,3.746714703795881
random_walk,2022-06-01,1,81.97160756868341,False,False,94.07879073149866,False,False,5.803274132853037,False,False,3.364844523196661
random_walk,2022-06-01,2,59.36292436933671,False,False,40.399229161517326,False,False,6.023959367583588,False,False,3.2914289008216
random_walk,2022-06-01,3,63.00098879125855,False,False,53.10599292798156,False,False,6.7565186821742325,False,False,3.6820935688839205
random_walk,2022-06-01,4,65.29758678615602,False,False,86.9146222637732,False,False,7.2217533611816,False,False,3.988828306267185
random_walk,2022-06-01,5,47.46115216763329,False,True,45.297678180652014,False,False,7.383861994786359,False,False,3.940847662634497
random_walk,2022-06-01,6,33.91992608618264,False,True,14.051778555318329,True,True,7.369778279014189,False,False,3.8539264155370856
random_walk,2022-06-01,7,17.04762411524218,True,True,16.31924603273976,True,True,7.341155013539094,False,False,3.792989734250494
random_walk,2022-06-01,8,18.53117508822787,True,True,35.18823890701087,False,True,7.270658680684613,False,False,3.776280448574343
random_walk,2022-06-01,9,22.17693676050071,True,True,26.369028081717712,False,True,7.204508916425884,False,False,3.7242070428231866
random_walk,2022-06-01,10,23.39780542020344,True,True,30.699930286925373,False,True,7.193528516295215,False,False,3.724532259971016
random_walk,2022-06-01,11,36.1616250551568,False,True,33.78532274076163,False,True,7.156554418237909,False,False,3.7286094500992046
random_walk,2022-06-01,12,31.32531469515863,False,True,33.083447548727655,False,True,7.106455142795568,False,False,3.688576826094714
random_walk,2022-07-01,1,61.26052697743754,False,False,48.06405291768575,False,False,6.116033694212039,False,False,3.307326964152914
random_walk,2022-07-01,2,68.66391816493226,False,False,61.181853109923395,False,False,6.882537963414429,False,False,3.7138398914832544
random_walk,2022-07-01,3,74.20414840229166,False,False,93.24864518408452,False,False,7.382357193269925,False,False,4.03371064171625
random_walk,2022-07-01,4,54.34023141947745,False,False,51.77135471389384,False,False,7.521284960619099,False,False,3.9694959439044077
random_walk,2022-07-01,5,40.318305763099175,False,True,18.272558513476362,False,True,7.455417128267408,False,False,3.8600382925796275
random_walk,2022-07-01,6,21.067038928798738,False,True,12.078663378082378,True,True,7.454236854594272,False,False,3.8098629562787236
random_walk,2022-07-01,7,22.26398610991595,False,True,28.37817767688793,False,True,7.422563230367297,False,False,3.800144025893694
random_walk,2022-07-01,8,26.378604896151238,False,True,19.14943432852917,False,True,7.361750918229596,False,False,3.748993739305117
random_walk,2022-07-01,9,27.309767678434902,False,True,22.239757864427542,False,True,7.342563991760298,False,False,3.7315887055153887
random_walk,2022-07-01,10,46.52693657187895,False,True,25.442572036187368,False,True,7.336142075815316,False,False,3.7617295971847704
random_walk,2022-07-01,11,39.74853366467218,False,True,23.29409977077256,False,True,7.337570907054668,False,False,3.7302668397270002
random_walk,2022-07-01,12,34.14661690830132,False,True,15.805108655511102,True,True,7.235013585199519,False,False,3.6547076594455166
random_walk,2022-08-01,1,70.30868820209494,False,False,63.87186682661496,False,False,6.92948428120681,False,False,3.6947327465571775
random_walk,2022-08-01,2,69.17191626305632,False,False,93.89167237325337,False,False,7.400002636307895,False,False,3.963844201391548
random_walk,2022-08-01,3,49.2299640220953,False,False,52.851067523055036,False,False,7.542990031463545,False,False,3.9086675251926373
random_walk,2022-08-01,4,32.859165740979165,False,True,15.316007787485134,False,True,7.509083287099222,False,False,3.796984776530136
random_walk,2022-08-01,5,13.487864448980858,True,True,15.01797631369346,False,True,7.475269304351073,False,False,3.7324897688024987
random_walk,2022-08-01,6,15.831991456380472,True,True,33.14111179483119,False,True,7.397674401800454,False,False,3.7002685875279333
random_walk,2022-08-01,7,18.992963249577112,False,True,24.1956660853296,False,True,7.366583654673599,False,False,3.6664914594604143
random_walk,2022-08-01,8,19.48354257460586,True,True,28.568932383808566,False,True,7.3362554304026055,False,False,3.6545275986235857
random_walk,2022-08-01,9,34.45312816387561,False,True,32.929811068859024,False,True,7.342043219791453,False,False,3.6877631088752
random_walk,2022-08-01,10,30.048209070572042,False,True,30.824770434342508,False,True,7.303801722455865,False,False,3.6520404741721713
random_walk,2022-08-01,11,26.73118332563123,False,True,22.2959754072518,False,True,7.234550350101543,False,False,3.587093059526653
random_walk,2022-08-01,12,28.465682999759878,False,True,13.633147624079982,True,True,6.275936154516696,False,False,3.0806987395598373
random_walk,2022-09-01,1,76.34558002290795,False,False,99.5351509177759,False,False,7.417182811441149,False,False,3.9180865160218237
random_walk,2022-09-01,2,53.46411828760043,False,False,56.748739395562275,False,False,7.5097785090854305,False,False,3.81620869440683
random_walk,2022-09-01,3,35.471452944471636,False,False,17.128251803329825,False,True,7.472833961262423,False,False,3.6999314772707206
random_walk,2022-09-01,4,14.888418221605942,True,True,12.849063192438063,True,True,7.412395327159075,False,False,3.614138142070853
random_walk,2022-09-01,5,16.792482046366924,True,True,32.531469684345794,False,True,7.333729403104573,False,False,3.583390402889832
random_walk,2022-09-01,6,19.493426731666528,False,True,22.977227669293185,False,True,7.300991277773823,False,False,3.5420814930613678
random_walk,2022-09-01,7,18.685685544170134,True,True,25.536267985231586,False,True,7.2918519202407595,False,False,3.5330645795022666
random_walk,2022-09-01,8,35.222004188305135,False,True,30.162062904833082,False,True,7.258263348151781,False,False,3.5388177031492294
random_walk,2022-09-01,9,29.54316100664991,False,True,28.521732588155675,False,True,7.255201365113907,False,False,3.5078216556405257
random_walk,2022-09-01,10,27.99680217140294,False,True,20.957463109726902,False,True,7.1418924886477155,False,False,3.4271004052962675
random_walk,2022-09-01,11,32.61738869609564,False,True,13.571169239976157,True,True,6.149857473483485,False,False,2.933821627521711
random_walk,2022-09-01,12,34.92233445267636,False,True,22.372322185402773,True,True,5.530666582815905,False,False,2.6483998641744035
random_walk,2022-10-01,1,56.95576597562067,False,False,59.62172611666453,False,False,7.622976754381097,False,False,3.7952184521995216
random_walk,2022-10-01,2,38.35600372955396,False,False,16.74095340121417,False,True,7.529823338160927,False,False,3.6562692469947935
random_walk,2022-10-01,3,14.682244958691356,False,True,13.519877091992608,False,True,7.4748573165618355,False,False,3.5642197355202265
random_walk,2022-10-01,4,16.129285466753714,False,True,32.79189358321176,False,True,7.391546429607762,False,False,3.5307697155898374
random_walk,2022-10-01,5,20.468368520683008,False,True,22.0120690838714,False,True,7.334294637950324,False,False,3.480131760301099
random_walk,2022-10-01,6,21.758925367121382,False,True,24.498014440765626,False,True,7.308683302633699,False,False,3.4561888466747464
random_walk,2022-10-01,7,39.572007518200806,False,True,26.67345417158717,False,True,7.299259064287791,False,False,3.4816234801356813
random_walk,2022-10-01,8,33.720638648619,False,True,26.656525322168743,False,True,7.274855099194445,False,False,3.4486402375397054
random_walk,2022-10-01,9,32.77541583435165,False,True,18.26034476255402,True,True,7.198681970546482,False,False,3.388317489736818
random_walk,2022-10-01,10,36.28751205469314,False,True,13.056491639054745,True,True,6.2213182930847735,False,False,2.9144496370109736
random_walk,2022-10-01,11,37.00664894360179,False,True,24.785200031118062,False,True,5.58051748581111,False,False,2.630182534727557
random_walk,2022-10-01,12,47.187004977546174,False,True,53.875201103130784,False,True,5.410841746420658,False,False,2.6513490403370397
random_walk,2022-11-01,1,44.22051675959919,False,False,18.608197184681643,False,True,7.591516535421778,False,False,3.6122218353049047
random_walk,2022-11-01,2,16.01121733323032,False,True,13.15100225188219,False,True,7.534580301705736,False,False,3.5170814651964752
random_walk,2022-11-01,3,17.08729710530245,False,True,34.911431773124264,False,True,7.459409436919069,False,False,3.4754977784951318
random_walk,2022-11-01,4,21.411356201410264,False,True,22.557441743974863,False,True,7.423232798549247,False,False,3.428975887905665
random_walk,2022-11-01,5,20.886474340869235,False,True,27.159665026761914,False,True,7.39999652932177,False,False,3.409734253413099
random_walk,2022-11-01,6,42.515055353057264,False,True,30.113008448035032,False,True,7.400952666736894,False,False,3.439589388024937
random_walk,2022-11-01,7,34.31962357929308,False,True,29.982242447475105,False,True,7.335445254136407,False,False,3.3793295333027826
random_walk,2022-11-01,8,30.05516620174209,False,True,21.983718132940826,False,True,7.245476210475523,False,False,3.3106949491187407
random_walk,2022-11-01,9,32.39359779543162,False,True,11.59253661106441,True,True,6.306440266700236,False,False,2.849356810154061
random_walk,2022-11-01,10,34.72684692225386,False,True,19.7812127329471,True,True,5.626218675108527,False,False,2.5547850433072696
random_walk,2022-11-01,11,44.02733483113274,False,True,47.61469386765829,False,True,5.467970536451804,False,False,2.5557052894949206
random_walk,2022-11-01,12,36.93847037021338,False,True,18.416985107479046,True,True,4.941106404516571,False,False,2.2371832268659433
random_walk,2022-12-01,1,22.475483506371486,False,False,39.88356944368411,False,False,0.07648391338781116,True,True,0.4189462192896064
random_walk,2022-12-01,2,18.574924837852794,False,True,64.31702393732506,False,False,0.10016984892374209,True,True,0.5683257385036573
random_walk,2022-12-01,3,15.756352249299276,False,True,50.63867662826829,False,False,0.12912227860800007,True,True,0.46052281616176355
random_walk,2022-12-01,4,17.512777353941136,True,True,53.65809917960868,False,False,0.15972954059118122,True,True,0.4942832593983772
random_walk,2022-12-01,5,10.813823094107846,True,True,58.00910361568249,False,False,0.1713395321084395,True,True,0.49207871412573295
random_walk,2022-12-01,6,12.182986903257401,True,True,55.87734750964931,False,False,0.17994986694426462,True,True,0.4830372948076207
random_walk,2022-12-01,7,13.509567094076324,True,True,39.97556943679865,False,True,0.1974951267926326,True,True,0.39360610109237626
random_walk,2022-12-01,8,14.126389406177545,True,True,15.085406576847646,True,True,0.6478346538509598,False,True,0.38716107099491115
random_walk,2022-12-01,9,13.172806860358747,True,True,12.836623187039702,True,True,1.1273144195124214,False,False,0.5403824446154477
random_walk,2022-12-01,10,15.897106065166014,True,True,28.056036563286696,False,True,1.2794396101396386,False,False,0.6686293348602769
random_walk,2022-12-01,11,15.346048391348951,True,True,14.013460004468058,True,True,1.694935945287075,False,False,0.7519194665389233
random_walk,2022-12-01,12,16.24365485191956,True,True,14.793104053176855,True,True,1.9643724738426414,False,False,0.8575234019631879
random_walk,2023-01-01,1,17.772978924779537,False,True,68.17109967613194,False,False,0.08282222409846418,True,True,0.5976363722518998
random_walk,2023-01-01,2,11.860453745442328,False,True,51.05602335257626,False,False,0.11260846886846071,True,True,0.44233343643310213
random_walk,2023-01-01,3,12.0521736208139,True,True,53.60657798894377,False,False,0.1314016172358129,True,True,0.4644965785801562
random_walk,2023-01-01,4,8.861464007873376,True,True,59.06993924379502,False,False,0.16131107155682023,True,True,0.47728768188698656
random_walk,2023-01-01,5,10.098286812715827,True,True,54.41716505618312,False,False,0.17505937095183133,True,True,0.457875606294576
random_walk,2023-01-01,6,10.837276453923803,True,True,40.79834804331643,False,True,0.2028071105889785,True,True,0.3812453986587151
random_walk,2023-01-01,7,12.565300278065937,True,True,13.319739343892646,True,True,0.6455949743265268,False,True,0.35482498079767044
random_walk,2023-01-01,8,12.814652777574612,True,True,11.809117829750335,True,True,1.1145675464722817,False,False,0.513659392829908
random_walk,2023-01-01,9,13.768838334670964,True,True,31.088072945800523,False,True,1.2504493845422888,False,False,0.6590924012635374
random_walk,2023-01-01,10,14.096709091837809,True,True,12.863034221346776,True,True,1.6752682203910192,False,False,0.7322368803059043
random_walk,2023-01-01,11,13.936871354290616,True,True,13.249763592396445,True,True,1.9311703445734503,False,False,0.8267337736340805
random_walk,2023-01-01,12,15.688338179272861,True,True,19.982449681133634,True,True,2.4031362999656944,False,False,1.0270883473108139
random_walk,2023-02-01,1,13.66110453392525,False,True,55.1127383708489,False,False,0.0766405234765884,True,True,0.4758177600586684
random_walk,2023-02-01,2,11.64664969833779,False,True,54.74751380568315,False,False,0.1163890904351319,True,True,0.460897909182759
random_walk,2023-02-01,3,7.27152096685338,True,True,58.79735658744136,False,False,0.12556432353680086,True,True,0.46530901660293084
random_walk,2023-02-01,4,8.777445117570025,True,True,50.80560687192329,False,False,0.13647013550607945,True,True,0.4256663103250368
random_walk,2023-02-01,5,9.072676626152344,True,True,36.60460838003901,False,True,0.15799495059523094,True,True,0.34721938748996156
random_walk,2023-02-01,6,10.414591275232922,True,True,13.426958880317066,True,True,0.6640130169311858,False,True,0.338070517752998
random_walk,2023-02-01,7,12.074031225073131,True,True,12.819470120692294,True,True,1.181285628321583,False,False,0.5083189416894349
random_walk,2023-02-01,8,16.37677302955934,True,True,32.0502516871518,False,True,1.2972283505032025,False,False,0.6721934670572737
random_walk,2023-02-01,9,14.605595160264762,True,True,14.329631282178497,True,True,1.7077423509343057,False,False,0.7122071954814883
random_walk,2023-02-01,10,14.004029579131114,True,True,13.516964340045014,True,True,1.9819961416561276,False,False,0.806644052979818
random_walk,2023-02-01,11,14.887695413062154,True,True,21.317086049837705,True,True,2.4238922896942494,False,False,1.0007549341584197
random_walk,2023-02-01,12,15.757781219244833,True,True,57.79239390866104,False,True,3.397321637056131,False,False,1.5028592464912094
random_walk,2023-03-01,1,10.888013561840506,False,True,60.578989749275614,False,False,0.07880396827425132,True,True,0.505703994638299
random_walk,2023-03-01,2,7.139227705638788,True,True,59.49243775183159,False,False,0.11755255421941474,True,True,0.4728698113185461
random_walk,2023-03-01,3,6.958838995596345,True,True,53.18369504951428,False,False,0.15014346067726597,True,True,0.4323292991416501
random_walk,2023-03-01,4,8.407420179588218,True,True,38.41063888927718,False,True,0.16557169367228264,True,True,0.3425597089193892
random_walk,2023-03-01,5,8.988515430432194,True,True,12.044328652424035,True,True,0.6305345278757969,False,True,0.3162643605815187
random_walk,2023-03-01,6,10.590319190637171,True,True,11.47369609747118,True,True,1.1687645719608437,False,False,0.496128919245374
random_walk,2023-03-01,7,15.213253867482866,True,True,32.12742047002685,False,True,1.3382741178003756,False,False,0.6761739357220093
random_walk,2023-03-01,8,13.591496676230097,True,True,12.624871840429368,True,True,1.7327323608793503,False,False,0.7137533500655704
random_walk,2023-03-01,9,12.052648520223109,True,True,13.117788783559508,True,True,1.9880189160545583,False,False,0.7964775360672827
random_walk,2023-03-01,10,13.754327850980168,True,True,19.007869100242047,True,True,2.444393467694784,False,False,0.9907930665740969
random_walk,2023-03-01,11,14.50505599178819,True,True,54.766165706188055,False,True,3.3925454950172877,False,False,1.4699419988801776
random_walk,2023-03-01,12,15.764734676289791,True,True,59.491040900235035,False,False,3.385087530013748,False,False,1.4908088213817545
random_walk,2023-04-01,1,5.60615113634282,True,True,67.70089364859861,False,False,0.09390762922818358,True,True,0.5280873834045275
random_walk,2023-04-01,2,6.9305366923846385,True,True,64.19849590819105,False,False,0.11350625401213765,True,True,0.5028090264737068
random_walk,2023-04-01,3,8.689274764325287,True,True,48.41747731803966,False,False,0.1280138796938179,True,True,0.39736511189718576
random_walk,2023-04-01,4,9.97998387473292,True,True,14.993696212717538,False,True,0.7402588521783096,False,False,0.3575320916315966
random_walk,2023-04-01,5,11.870521234487313,True,True,9.527921282900426,True,True,1.3441770785728318,False,False,0.5312251336463683
random_walk,2023-04-01,6,15.71981796306434,True,True,27.733985557550827,False,True,1.454629734895593,False,False,0.6587450031239055
random_walk,2023-04-01,7,14.396493918983133,True,True,10.631603301825244,True,True,1.8479820005945644,False,False,0.7187937988744543
random_walk,2023-04-01,8,13.551710010179086,True,True,11.80499794966656,True,True,2.1008604020595705,False,False,0.8084942891753489
random_walk,2023-04-01,9,14.27437144347848,True,True,16.86779345009607,True,True,2.528663050225598,False,False,0.9836507309653532
random_walk,2023-04-01,10,15.713673348942905,True,True,52.965508574488275,False,False,3.4884661939218753,False,False,1.4478579794915056
random_walk,2023-04-01,11,17.34302612024654,True,True,56.64477796625322,False,True,3.434178209584907,False,False,1.4536380247192844
random_walk,2023-04-01,12,30.450695853093258,False,True,49.978926935841365,False,True,4.08651515549085,False,False,1.736550115656014
random_walk,2023-05-01,1,4.6138450289339055,True,True,63.34348821298162,False,False,0.07918463351245728,True,True,0.49684350542119093
random_walk,2023-05-01,2,7.343651231940919,True,True,46.66203122214937,False,False,0.11022779333949745,True,True,0.37444898120283576
random_walk,2023-05-01,3,7.187288518541099,True,True,11.771957253347669,True,True,0.6118573045933808,False,True,0.28778269310125854
random_walk,2023-05-01,4,8.41270528415308,True,True,9.414499677464839,True,True,1.1435122580229398,False,False,0.4496816931623847
random_walk,2023-05-01,5,12.06808830993452,True,True,31.717864269040884,False,True,1.2417363182456866,False,False,0.5977085654233865
random_walk,2023-05-01,6,11.493282594713065,True,True,11.206232241315352,True,True,1.705587216848115,False,False,0.6590314666877766
random_walk,2023-05-01,7,11.975852595549455,True,True,11.622856197462049,True,True,1.9007992207850584,False,False,0.7258264678882081
random_walk,2023-05-01,8,12.812634364403355,True,True,18.970170491346725,True,True,2.2576024735564695,False,False,0.885671403572718
random_walk,2023-05-01,9,13.578710693364524,True,True,57.261128964472576,False,True,3.2308708612556116,False,False,1.3625932510854448
random_walk,2023-05-01,10,13.676150300775156,True,True,60.10121016434641,False,True,3.235559486697299,False,False,1.3827033892392886
random_walk,2023-05-01,11,28.647980128949566,False,True,53.10340883379846,False,True,3.9068794785431056,False,False,1.6490480804444423
random_walk,2023-05-01,12,51.86758202075257,False,True,24.560587557662572,True,True,4.084480749349689,False,False,1.717949330688025
random_walk,2023-06-01,1,4.9619202472389485,True,True,52.67360164711264,False,False,0.07502407401907538,True,True,0.40980074828422364
random_walk,2023-06-01,2,6.654159540018695,True,True,11.99773110553352,False,True,0.8076021033810599,False,False,0.3338817186335331
random_walk,2023-06-01,3,8.019015883994882,True,True,8.541630793483357,True,True,1.391862406268926,False,False,0.5146379606467526
random_walk,2023-06-01,4,12.36226777062981,True,True,32.02380460997941,False,True,1.5152649798346474,False,False,0.6686789523258156
random_walk,2023-06-01,5,10.366942671657458,True,True,10.716612445338132,True,True,1.8751287129756558,False,False,0.6935432971250394
random_walk,2023-06-01,6,9.918982623949187,True,True,10.940429272676564,True,True,2.1105235423416424,False,False,0.7736386774667585
random_walk,2023-06-01,7,11.208382824055338,True,True,18.96681477597455,True,True,2.536460687522508,False,False,0.9522354288057022
random_walk,2023-06-01,8,11.582470328044415,True,True,59.758898567646696,False,False,3.5049199243684237,False,False,1.4428807390532712
random_walk,2023-06-01,9,15.030614606789385,True,True,63.46941663294411,False,True,3.4571242810296696,False,False,1.4446352690226174
random_walk,2023-06-01,10,29.7071725108439,False,True,54.54568614076442,False,True,4.127813981981245,False,False,1.702632701097898
random_walk,2023-06-01,11,51.50007795360866,False,True,27.13665474929425,True,True,4.311864259865135,False,False,1.783144296943811
random_walk,2023-06-01,12,35.620271982831966,False,True,30.97514798342467,False,True,4.746523326119021,False,False,1.8949275253381874
random_walk,2023-07-01,1,4.802023385556014,True,True,12.265426057296787,False,True,0.8329581130196428,False,False,0.32694707904542364
random_walk,2023-07-01,2,6.8419086504400894,True,True,7.16525963308389,True,True,1.3871097082829715,False,False,0.5030241163601945
random_walk,2023-07-01,3,11.422598901702404,True,True,32.723074845699514,False,False,1.49020976771228,False,False,0.6544100176860743
random_walk,2023-07-01,4,9.745608998308143,True,True,10.140968305417662,True,True,1.888332293845905,False,False,0.6883341441616169
random_walk,2023-07-01,5,9.76758315041872,True,True,9.235571126759332,True,True,2.098006161227834,False,False,0.7576594038971896
random_walk,2023-07-01,6,11.498883267949047,True,True,18.830285365849747,False,True,2.603086886419122,False,False,0.9641959712613781
random_walk,2023-07-01,7,10.63753450080215,True,True,65.16451314984224,False,False,3.6050182916656768,False,False,1.4676855352493274
random_walk,2023-07-01,8,13.193026264969799,True,True,69.1052372771016,False,False,3.590858524830815,False,False,1.480903731081234
random_walk,2023-07-01,9,31.95783182231775,False,True,60.113071818438556,False,False,4.224896245002934,False,False,1.7343664810713997
random_walk,2023-07-01,10,52.0143642669043,False,True,26.353570499246782,False,True,4.38458418533851,False,False,1.7848950054503403
random_walk,2023-07-01,11,33.64544883508573,False,True,32.65651616349892,False,True,4.7742803395315505,False,False,1.8652145659071389
random_walk,2023-07-01,12,27.51601532141551,False,True,41.48051150748736,False,True,4.924398757290635,False,False,1.9154592046560377
random_walk,2023-08-01,1,5.056296024371502,True,True,4.792342595097232,True,True,1.4700713932525964,False,False,0.5389023729096062
random_walk,2023-08-01,2,14.044039537585517,False,True,37.19509419302832,False,False,1.5366113212490347,False,False,0.6882990582062991
random_walk,2023-08-01,3,9.464170147747463,True,True,8.331858603321333,True,True,1.904485162288629,False,False,0.7006097405393815
random_walk,2023-08-01,4,8.435667516854174,True,True,7.286566510246786,True,True,2.15665536432297,False,False,0.778339671163131
random_walk,2023-08-01,5,10.71414170375379,True,True,17.320334983348555,False,True,2.6001977251233206,False,False,0.9541855071908767
random_walk,2023-08-01,6,11.043270858687475,True,True,59.56131974876308,False,False,3.5538297083435864,False,False,1.4235810304792644
random_walk,2023-08-01,7,11.118025196886087,True,True,62.011915132063564,False,False,3.4697738077106983,False,False,1.4064753343206737
random_walk,2023-08-01,8,24.596614354141984,False,True,56.292689684006945,False,False,4.130009239514764,False,False,1.663681126201518
random_walk,2023-08-01,9,44.32041781697552,False,True,24.291539117101422,False,True,4.330103133096587,False,False,1.7263288492138693
random_walk,2023-08-01,10,29.043517901478985,False,True,30.165222154957455,False,True,4.764546762488271,False,False,1.82202278852206
random_walk,2023-08-01,11,23.65409872055107,True,True,35.955754191517144,False,True,4.899629862473569,False,False,1.8615805821701121
random_walk,2023-08-01,12,17.164448075160585,True,True,32.306712472655605,False,True,4.918643709650903,False,False,1.8229130301768672
random_walk,2023-09-01,1,10.327974021119728,False,True,41.42106870083792,False,False,1.5778262361682625,False,False,0.7019078588907476
random_walk,2023-09-01,2,7.458839887518993,True,True,7.542326891405187,True,True,1.9134133751978135,False,False,0.6842769146636214
random_walk,2023-09-01,3,8.22042650295506,True,True,7.210892073554099,True,True,2.1550910542418706,False,False,0.7580553173041169
random_walk,2023-09-01,4,9.782294629669362,True,True,18.679163380443562,False,True,2.570627587117423,False,False,0.9309830430392352
random_walk,2023-09-01,5,11.107886308264327,True,True,64.93412133820169,False,False,3.524484192681481,False,False,1.4063589204238414
random_walk,2023-09-01,6,12.366179868757147,True,True,66.48894699410963,False,False,3.4753043251573508,False,False,1.4059233493878802
random_walk,2023-09-01,7,28.75494546179958,False,True,57.693625011900025,False,False,4.102183797407735,False,False,1.6497986008566188
random_walk,2023-09-01,8,49.04700089641887,False,True,24.09650192121134,False,True,4.246154929576021,False,False,1.7006794728823171
random_walk,2023-09-01,9,32.07658603998555,False,True,29.41583375493364,False,True,4.68419164981219,False,False,1.7921229482042063
random_walk,2023-09-01,10,25.025175534052345,False,True,37.39904462113777,False,True,4.800592478681386,False,False,1.8225098944524993
random_walk,2023-09-01,11,17.88232427516232,True,True,31.67246477719349,False,True,4.744297234777329,False,False,1.7515535590116333
random_walk,2023-09-01,12,23.089102174611895,True,True,27.77130029780394,False,True,4.942980667486889,False,False,1.8346307736345926
random_walk,2023-10-01,1,6.374025776625297,True,True,6.563901013185509,False,True,2.074789591455844,False,False,0.7562073162785706
random_walk,2023-10-01,2,5.966607392895682,True,True,6.629034484403789,True,True,2.2767655645603835,False,False,0.8096117791365017
random_walk,2023-10-01,3,6.922031869619001,True,True,17.903427221990967,False,True,2.6716049340597783,False,False,0.9739361054140465
random_walk,2023-10-01,4,9.048624822655768,True,True,65.9072893194822,False,False,3.563840695641516,False,False,1.4272692745956355
random_walk,2023-10-01,5,9.814601408819616,True,True,68.61568914012435,False,False,3.5087590942918125,False,False,1.4192430139205983
random_walk,2023-10-01,6,26.817321884846127,False,True,58.7717450645342,False,False,4.198532331086249,False,False,1.6732664251725744
random_walk,2023-10-01,7,52.827923247457605,False,False,25.918484063885295,False,True,4.389300174893127,False,False,1.7608800803040188
random_walk,2023-10-01,8,33.66677884285874,False,True,34.02770753207787,False,True,4.806258063166917,False,False,1.8410621208115936
random_walk,2023-10-01,9,27.809252135540067,False,True,42.853951635228256,False,True,4.928511141551441,False,False,1.8892297709605845
random_walk,2023-10-01,10,19.222564689222516,True,True,36.96358911414913,False,True,4.943147497529102,False,False,1.8403496852180168
random_walk,2023-10-01,11,24.80096250368965,False,True,32.33279673076815,False,True,5.157248550883954,False,False,1.9219512052820202
random_walk,2023-10-01,12,31.800211983825527,False,True,37.53367847829561,False,True,5.233226057508622,False,False,1.9782594632987185
random_walk,2023-11-01,1,3.860932301054767,True,True,4.507454362952181,True,True,2.334812052608982,False,False,0.8430713255103774
random_walk,2023-11-01,2,6.824292348112676,True,True,19.538923012467038,False,True,2.771245327747434,False,False,1.004696966301338
random_walk,2023-11-01,3,8.341938960426106,True,True,69.83426401597848,False,False,3.708558603066275,False,False,1.4745381644874453
random_walk,2023-11-01,4,11.241018809656424,True,True,71.35671290728874,False,False,3.686927681968979,False,False,1.4732989492680988
random_walk,2023-11-01,5,31.371678159408372,False,True,62.40801423471504,False,False,4.358462810767234,False,False,1.7419960876875427
random_walk,2023-11-01,6,56.41566612347802,False,False,27.457839855133205,False,True,4.5040164603784305,False,False,1.8046174306332772
random_walk,2023-11-01,7,35.23968503473475,False,True,31.50743968880895,False,True,4.918347525694932,False,False,1.8656157632587866
random_walk,2023-11-01,8,27.521516505540795,False,True,39.662076334679846,False,True,5.042781243088029,False,False,1.893485478590314
random_walk,2023-11-01,9,19.232736002084906,True,True,33.39519431678334,False,True,4.998259938430457,False,False,1.8313337812896697
random_walk,2023-11-01,10,25.040784594578717,True,True,29.6226710032005,False,True,5.2034518512300565,False,False,1.9132110414477177
random_walk,2023-11-01,11,30.918525381100174,False,True,35.90485052361142,False,True,5.323276046423059,False,False,1.984805177515247
random_walk,2023-11-01,12,22.426024008602056,True,True,61.83421944328464,False,True,5.455576186637086,False,False,2.0637727194750193
random_walk,2023-12-01,1,4.586258320539974,True,True,22.594747594537644,False,False,0.3109883230159505,False,True,0.2276126421632215
random_walk,2023-12-01,2,6.653968498790034,True,True,72.72005630744023,False,False,1.1646174231008233,False,False,0.7204094245477055
random_walk,2023-12-01,3,9.945022596449192,True,True,72.01970297079602,False,False,1.09367017865722,False,False,0.7168548802865472
random_walk,2023-12-01,4,30.128475596691583,False,True,61.881288005879554,False,False,1.7203247145651201,False,False,0.913214940807528
random_walk,2023-12-01,5,54.56653148626626,False,False,23.614744170624565,False,True,1.8754575606696833,False,False,0.9708162805471405
random_walk,2023-12-01,6,36.12125823909342,False,True,31.50872583455642,False,True,2.3133115256276042,False,False,1.0007633904983462
random_walk,2023-12-01,7,27.898900856590746,False,True,36.80887422021483,False,True,2.421640611085474,False,False,1.0080910704731565
random_walk,2023-12-01,8,17.948811732373,True,True,30.426450058480235,False,True,2.3694104878766087,False,False,0.9137298772970419
random_walk,2023-12-01,9,23.49819830076627,False,True,28.38581380356311,False,True,2.534321029873645,False,False,0.9822291405464635
random_walk,2023-12-01,10,29.71333750387617,False,True,32.38376529301855,False,True,2.6759174071883676,False,False,1.0671286587583095
random_walk,2023-12-01,11,20.175223152717855,True,True,57.02720994096613,False,True,2.7892092728383426,False,False,1.1516561738257032
random_walk,2023-12-01,12,17.965554309637987,True,True,66.10163718118484,False,True,2.8269770031221997,False,False,1.1963144952874245
