modelo,origen,h,crps_cobre,cob50_cobre,cob90_cobre,crps_usdclp,cob50_usdclp,cob90_usdclp,crps_tpm,cob50_tpm,cob90_tpm,es
arima_garch,2014-12-01,1,15.172186345252538,False,True,3.255189872853869,True,True,0.023750295189161497,True,True,0.15424116930067855
arima_garch,2014-12-01,2,15.655361947729574,False,True,5.451531466703951,True,True,0.03646411646132651,True,True,0.18649615386676816
arima_garch,2014-12-01,3,11.066177396643724,True,True,7.851931797989021,True,True,0.042883457465995894,False,True,0.17842341819439267
arima_garch,2014-12-01,4,10.249855728747043,True,True,9.168098714190034,True,True,0.046775502759855814,False,True,0.1983884983411177
arima_garch,2014-12-01,5,12.082304588382911,True,True,12.833069760651476,True,True,0.05285024039101323,False,True,0.25376989380674
arima_garch,2014-12-01,6,17.19175323162426,True,True,9.692365201162712,True,True,0.056509812834122555,False,True,0.2614342975776295
arima_garch,2014-12-01,7,23.282188716316227,False,True,14.651993524961679,True,True,0.05900085782888734,False,True,0.3775430755762126
arima_garch,2014-12-01,8,34.06458818062418,False,True,35.780846176867584,False,True,0.06066970559339102,False,True,0.7087359398993607
arima_garch,2014-12-01,9,30.35465266073568,False,True,39.71495411156725,False,True,0.061881856602427524,False,True,0.7358319053617224
arima_garch,2014-12-01,10,30.793070699334407,False,True,33.60061621185126,False,True,0.030147772098017667,True,True,0.6625294300891174
arima_garch,2014-12-01,11,42.93148111797959,False,True,46.473607885736875,False,True,0.09080172914364941,False,True,0.8988606077221576
arima_garch,2014-12-01,12,48.46727673154858,False,True,45.85394312253208,False,True,0.17824128414129198,False,False,0.9259366976200656
arima_garch,2015-01-01,1,19.768627206468626,False,True,3.471131054158006,True,True,0.024526060573382837,True,True,0.19647079743121063
arima_garch,2015-01-01,2,9.010737960997194,True,True,5.426214347004356,True,True,0.04041110163018313,True,True,0.14215528996835214
arima_garch,2015-01-01,3,8.473097061633318,True,True,7.640860026716776,True,True,0.04513391883280071,False,True,0.1688151498673393
arima_garch,2015-01-01,4,11.415728692158826,True,True,10.890226487286387,True,True,0.05244819959265236,False,True,0.21886419291790243
arima_garch,2015-01-01,5,11.507763286332992,True,True,9.528167408103538,True,True,0.05838740777390497,False,True,0.21313123160292902
arima_garch,2015-01-01,6,19.12923214011957,True,True,17.631395334611202,False,True,0.06263173985686554,False,True,0.3666794807558722
arima_garch,2015-01-01,7,30.38031539243471,False,True,41.964219544476904,False,True,0.06454731233109584,False,True,0.7389915917536781
arima_garch,2015-01-01,8,28.28740512946886,False,True,43.039009750222334,False,True,0.066172717800001,False,True,0.7386881519989054
arima_garch,2015-01-01,9,27.260600725476266,False,True,37.78160594786261,False,True,0.028178343644112494,True,True,0.6719257440144673
arima_garch,2015-01-01,10,39.10638723689962,False,True,51.79609233213206,False,True,0.08540621998568113,False,True,0.9181375768807774
arima_garch,2015-01-01,11,44.764588166439985,False,True,51.01323774450693,False,True,0.1725617165795932,False,False,0.9498551634832916
arima_garch,2015-01-01,12,47.009107540101674,False,True,62.00704872962979,False,True,0.31308415879442686,False,False,1.1160867839986266
arima_garch,2015-02-01,1,11.152702879260596,False,True,4.511542790465665,True,True,0.025986402770485723,True,True,0.14329138112470635
arima_garch,2015-02-01,2,8.660317118788093,True,True,6.6182411478815695,True,True,0.039151563047642446,True,True,0.14991603830281397
arima_garch,2015-02-01,3,9.107158860780967,True,True,10.61795638603656,True,True,0.04396129647035321,False,True,0.19685269666793886
arima_garch,2015-02-01,4,13.133270879378156,True,True,7.509269875431521,True,True,0.052493734205916534,False,True,0.19667206711869117
arima_garch,2015-02-01,5,21.71917633229722,False,True,15.149291471460735,False,True,0.05805049731134947,False,True,0.3539097352243664
arima_garch,2015-02-01,6,32.73662448577386,False,True,42.75158654630559,False,True,0.06170648426459713,False,True,0.7562996101685736
arima_garch,2015-02-01,7,28.596417121634907,False,True,46.98912496589032,False,True,0.06406135971476341,False,True,0.7920457547045381
arima_garch,2015-02-01,8,29.456516103426317,False,True,39.49319745889676,False,True,0.02643853961872679,True,True,0.7027250066721511
arima_garch,2015-02-01,9,40.628948744252966,False,True,54.139257074854385,False,True,0.08920184933700133,False,True,0.954903356868892
arima_garch,2015-02-01,10,44.722737675817875,False,True,54.84609025922203,False,True,0.1760107359218927,False,False,0.9989576493828728
arima_garch,2015-02-01,11,48.93974085300815,False,True,68.99466315004977,False,False,0.3198427697973765,False,False,1.2085328184512516
arima_garch,2015-02-01,12,46.48018322289146,False,True,52.5106561870071,False,True,0.31921543830035337,False,False,0.988917069304112
arima_garch,2015-03-01,1,7.864137397010355,False,True,4.418227073815411,True,True,0.022397652677005893,True,True,0.11486774817618808
arima_garch,2015-03-01,2,6.621102206631875,True,True,10.31111225235397,False,True,0.03132467833533339,True,True,0.1856868403239793
arima_garch,2015-03-01,3,10.117816256032025,True,True,6.675771500622506,True,True,0.03814077808949656,True,True,0.16408520024209994
arima_garch,2015-03-01,4,17.806569532369362,False,True,13.589251367344865,False,True,0.04455479071516899,False,True,0.29973178597496625
arima_garch,2015-03-01,5,28.82761136415344,False,True,42.97154224156522,False,True,0.04950653481364031,False,True,0.729775354393274
arima_garch,2015-03-01,6,24.24908384762508,False,True,40.93573082632341,False,True,0.052755345374098456,False,True,0.6927258933460957
arima_garch,2015-03-01,7,23.95166473233668,True,True,33.97363245035221,False,True,0.029455667663060264,True,True,0.6006814941516996
arima_garch,2015-03-01,8,35.25556233297067,False,True,45.350659250759705,False,True,0.10442276905376582,False,True,0.8156310489517986
arima_garch,2015-03-01,9,42.33588961906399,False,True,45.609089474700156,False,True,0.19537553191841228,False,False,0.8720443705218935
arima_garch,2015-03-01,10,45.80799888260842,False,True,61.37351490942585,False,False,0.3399053120133518,False,False,1.1027667940325296
arima_garch,2015-03-01,11,40.729923221234365,False,True,47.32996737377624,False,True,0.33902107032360873,False,False,0.9024832549520023
arima_garch,2015-03-01,12,30.56017154141687,False,True,30.1145887964922,False,True,0.33843414763536206,False,False,0.648268718720267
arima_garch,2015-04-01,1,4.467233959592949,True,True,7.996041314240992,False,True,0.024272403918389085,True,True,0.1368595282438084
arima_garch,2015-04-01,2,9.74048336723994,True,True,5.944804980712421,True,True,0.03485575712776311,True,True,0.15341786744302877
arima_garch,2015-04-01,3,17.203182082276022,False,True,15.186502641514739,False,True,0.04368933572911762,True,True,0.31804679535924196
arima_garch,2015-04-01,4,27.3120807632226,False,True,44.120896915171585,False,False,0.050486997651170734,False,True,0.7430977917183186
arima_garch,2015-04-01,5,21.906736059950152,False,True,44.457220680901514,False,True,0.05473346124445258,False,True,0.7264754351783327
arima_garch,2015-04-01,6,22.31900545933263,False,True,37.40545539029212,False,True,0.02926477058596598,True,True,0.6433666282019095
arima_garch,2015-04-01,7,33.937365577117404,False,True,53.67547539330397,False,False,0.095346461163325,False,True,0.9208600958754941
arima_garch,2015-04-01,8,39.12997849428902,False,True,54.962941471911364,False,True,0.18303317570130978,False,False,0.9714045546392659
arima_garch,2015-04-01,9,45.421185905631646,False,True,70.78388754699242,False,False,0.32732616905977335,False,False,1.2177665102409307
arima_garch,2015-04-01,10,42.2455427511296,False,True,54.9357990880512,False,False,0.3263210038888397,False,False,1.0071487033419282
arima_garch,2015-04-01,11,30.13189438145794,False,True,37.09403773439425,False,True,0.3255277149850474,False,False,0.7185927196460041
arima_garch,2015-04-01,12,33.49432840022017,False,True,27.518202318567624,False,True,0.3249180408406277,False,False,0.625500373061294
arima_garch,2015-05-01,1,15.186928481240976,False,True,6.112069508444778,False,True,0.024022014055433707,True,True,0.1856876001095746
arima_garch,2015-05-01,2,27.690486077428112,False,True,16.917268740431787,False,True,0.03706499242844925,True,True,0.40620170100204595
arima_garch,2015-05-01,3,40.20896273248161,False,True,48.300142227262334,False,False,0.04702549813371325,False,True,0.864472518815556
arima_garch,2015-05-01,4,33.68838737973955,False,True,48.1751219708956,False,False,0.054782394018458705,False,True,0.8346100860184835
arima_garch,2015-05-01,5,32.51600105933678,False,True,42.34794685310359,False,True,0.028246471398209308,True,True,0.7547074632201128
arima_garch,2015-05-01,6,46.70839537111615,False,True,58.7270017592421,False,True,0.09253956495889933,False,True,1.040354156442545
arima_garch,2015-05-01,7,52.3691703335297,False,False,56.96516289197306,False,True,0.17733427704920474,False,False,1.0648382524450923
arima_garch,2015-05-01,8,56.502147255124655,False,False,72.14014491424909,False,False,0.3177355460061658,False,False,1.2853990566663758
arima_garch,2015-05-01,9,49.37732290648497,False,True,55.95752433724324,False,True,0.3155508530969069,False,False,1.0521185680474319
arima_garch,2015-05-01,10,36.06035120420548,False,True,37.19189974453998,False,True,0.31508373665619105,False,False,0.7489261527555889
arima_garch,2015-05-01,11,37.753218618390044,False,True,30.62293474417765,False,True,0.3140705183191657,False,False,0.6818047852171603
arima_garch,2015-05-01,12,40.907513171311784,False,True,38.497635259394194,False,True,0.31351901515359587,False,False,0.7980306662284161
arima_garch,2015-06-01,1,26.826064278297522,False,False,20.64661369517676,False,True,0.022733077879265276,True,True,0.42043989456923936
arima_garch,2015-06-01,2,35.44871858198371,False,False,50.73338732818586,False,False,0.03404079663319691,True,True,0.8481743615535888
arima_garch,2015-06-01,3,26.01400295675182,False,True,50.06742422301219,False,False,0.0402845642497381,True,True,0.8059977961264528
arima_garch,2015-06-01,4,26.52981478277608,False,True,40.271389595218935,False,True,0.03616566620595585,True,True,0.6821523824003224
arima_garch,2015-06-01,5,42.58182907207719,False,True,56.25541547747666,False,False,0.10810418038742552,False,True,0.974899787512667
arima_garch,2015-06-01,6,48.55524704480979,False,True,54.97138336310148,False,False,0.19852963700139198,False,False,0.9964915669523331
arima_garch,2015-06-01,7,54.1176285486793,False,False,68.88450799974007,False,False,0.3434233889390895,False,False,1.2197475219131135
arima_garch,2015-06-01,8,48.47448783623599,False,True,53.84150411269651,False,True,0.34091186705036536,False,False,1.0141784990389682
arima_garch,2015-06-01,9,36.087393283708195,False,True,33.19661999610112,False,True,0.3392421212521042,False,False,0.6975555112475258
arima_garch,2015-06-01,10,38.55960625155751,False,True,25.319688363193443,False,True,0.3381223712359408,False,False,0.6259072764901007
arima_garch,2015-06-01,11,42.176856853200796,False,True,31.830874938081543,False,True,0.33728920424539716,False,False,0.7264118735923786
arima_garch,2015-06-01,12,44.34891391049148,False,True,31.786350686486962,False,True,0.3367221383068406,False,False,0.7383886119365786
arima_garch,2015-07-01,1,43.55738884501344,False,False,58.58052015356538,False,False,0.023116656393337556,True,True,0.9843930483895429
arima_garch,2015-07-01,2,31.79690472749281,False,False,56.42710304706965,False,False,0.03594093945129351,False,True,0.9093038671836913
arima_garch,2015-07-01,3,27.642559394969457,False,True,44.33698754097023,False,False,0.035676934321976966,True,True,0.7324811133677043
arima_garch,2015-07-01,4,40.16596816872353,False,False,61.34608929661064,False,False,0.10803768496394947,False,True,1.0260764846939514
arima_garch,2015-07-01,5,44.931785354302846,False,True,59.31137987344027,False,False,0.19194279811877446,False,False,1.0323031816123969
arima_garch,2015-07-01,6,49.172932149898045,False,False,72.869215922198,False,False,0.3314932699853954,False,False,1.2365011937786503
arima_garch,2015-07-01,7,44.64819446519245,False,True,54.93426088714474,False,False,0.3284587926276179,False,False,0.9921776964456738
arima_garch,2015-07-01,8,31.012312272674045,False,True,35.55888388646434,False,True,0.3260621268909313,False,False,0.6882961671682993
arima_garch,2015-07-01,9,35.66647134581584,False,True,27.112652195476226,False,True,0.32443780724802346,False,False,0.6178850968470824
arima_garch,2015-07-01,10,39.75125011082993,False,True,33.695451868873924,False,True,0.32344129528124854,False,False,0.738147754098062
arima_garch,2015-07-01,11,41.38146083359538,False,True,33.44405858777978,False,True,0.3227276433904943,False,False,0.7408579437538803
arima_garch,2015-07-01,12,33.60311015177752,False,True,19.97686249298893,True,True,0.3222112590692119,False,False,0.5350479971345372
arima_garch,2015-08-01,1,40.455331142851655,False,False,63.39181449816403,False,False,0.02318431582514284,True,True,1.026969888122828
arima_garch,2015-08-01,2,36.46900884117248,False,False,46.371469126429616,False,False,0.04585652869204255,False,True,0.8034047217952953
arima_garch,2015-08-01,3,49.92933026405633,False,False,62.00025970480333,False,False,0.13099511089117366,False,False,1.0702136790321646
arima_garch,2015-08-01,4,54.96082548893202,False,False,55.85417714715446,False,False,0.21459002512242983,False,False,1.0416729686243968
arima_garch,2015-08-01,5,61.575382023566036,False,False,70.76256379936663,False,False,0.351822970518259,False,False,1.2748272860040588
arima_garch,2015-08-01,6,54.2240752281607,False,False,52.494700241100276,False,True,0.3437487254991022,False,False,1.01642839553582
arima_garch,2015-08-01,7,40.99742647428162,False,True,33.6204038014569,False,True,0.3405071590117244,False,False,0.7201679863507855
arima_garch,2015-08-01,8,40.37566698068417,False,True,25.57524888651143,False,True,0.3378532883396655,False,False,0.6305048299249695
arima_garch,2015-08-01,9,44.45580901527034,False,True,33.19648317291616,False,True,0.33617824772516103,False,False,0.7457932801115836
arima_garch,2015-08-01,10,46.11956570556283,False,True,35.08724411858971,False,True,0.33465257932731485,False,False,0.769021506155271
arima_garch,2015-08-01,11,42.06829425867838,False,True,23.168161890554394,True,True,0.3333776627955596,False,False,0.6082348123692414
arima_garch,2015-08-01,12,45.35366566286375,False,True,23.650896343677793,True,True,0.3336432355380556,False,False,0.6404032072228041
arima_garch,2015-09-01,1,39.442539371678606,False,False,54.70343117350633,False,False,0.062113370916404106,False,True,0.9015929104548492
arima_garch,2015-09-01,2,49.61124587067209,False,False,64.57583091684921,False,False,0.14376472681216562,False,False,1.0851167486181261
arima_garch,2015-09-01,3,53.59735053186441,False,False,60.69175925277933,False,False,0.22160602813387956,False,False,1.0703567345859288
arima_garch,2015-09-01,4,57.46664700667239,False,False,76.11732458626469,False,False,0.35911939582877,False,False,1.2884804461088935
arima_garch,2015-09-01,5,49.148198582846874,False,False,53.36609130152672,False,False,0.3512655829473198,False,False,0.987619118965454
arima_garch,2015-09-01,6,35.19922847793631,False,True,33.52659875186643,False,True,0.3460155348922458,False,False,0.6824250861907876
arima_garch,2015-09-01,7,39.563418055435164,False,True,23.514763276739963,False,True,0.3412786304731323,False,False,0.6000240102969364
arima_garch,2015-09-01,8,45.11120015621945,False,True,31.203816851768117,False,True,0.33513617488335495,False,False,0.7106755773782559
arima_garch,2015-09-01,9,49.83965960863022,False,True,30.027728716149376,False,True,0.3331199591708738,False,False,0.7408192988962848
arima_garch,2015-09-01,10,40.117091738999164,False,True,18.703068751376726,True,True,0.33198778894361924,False,False,0.5615941062963468
arima_garch,2015-09-01,11,48.42287864487306,False,True,19.891555196143024,True,True,0.33097863483546514,False,False,0.6334423448372762
arima_garch,2015-09-01,12,50.01852618243595,False,True,23.341904086343845,True,True,0.3302525049703028,False,False,0.6837421996693209
arima_garch,2015-10-01,1,57.700024388899095,False,False,73.54303449542665,False,False,0.1656730075091813,False,False,1.22658868154971
arima_garch,2015-10-01,2,61.49664265059184,False,False,67.01690820053291,False,False,0.22770358349982378,False,False,1.176892895756806
arima_garch,2015-10-01,3,63.23061931611579,False,False,80.59742793221072,False,False,0.35223633938207927,False,False,1.3639867063697204
arima_garch,2015-10-01,4,53.02496362957886,False,False,60.27212006117514,False,False,0.3318536496572698,False,False,1.0850558250534914
arima_garch,2015-10-01,5,38.751571257151454,False,True,39.08503194253976,False,False,0.3232089570114475,False,False,0.7663699371977553
arima_garch,2015-10-01,6,40.73005219833351,False,True,28.12208180146701,False,True,0.31565514393956307,False,False,0.6647056233482974
arima_garch,2015-10-01,7,44.764602599131514,False,True,38.652865344701375,False,True,0.31533409397444,False,False,0.8020687936222363
arima_garch,2015-10-01,8,45.71428732972964,False,True,36.900305808924784,False,True,0.3134470554817805,False,False,0.7921121669891115
arima_garch,2015-10-01,9,37.40978439919446,False,True,21.359125318621928,False,True,0.31166819061440665,False,False,0.568234992313447
arima_garch,2015-10-01,10,40.65741241668584,False,True,21.810562385692606,False,True,0.3106775016687661,False,False,0.5934858650055298
arima_garch,2015-10-01,11,42.268165943083005,False,True,27.640770216903388,False,True,0.3097947655186379,False,False,0.6750386491868094
arima_garch,2015-10-01,12,41.26139249198793,False,True,25.025810694449987,False,True,0.309234575248136,False,False,0.6368075967664936
arima_garch,2015-11-01,1,63.71108161192942,False,False,74.73282288154812,False,False,0.2681218139125687,False,False,1.264708416267603
arima_garch,2015-11-01,2,63.0734359641383,False,False,85.2010738883319,False,False,0.3866330715078009,False,False,1.400084379556272
arima_garch,2015-11-01,3,52.329034925365534,False,False,64.59093042759484,False,False,0.36495226401434994,False,False,1.1013330289016678
arima_garch,2015-11-01,4,37.891052398363186,False,True,39.33875413609877,False,True,0.3495572465526498,False,False,0.7419427984651744
arima_garch,2015-11-01,5,39.14837093484094,False,True,27.781697977127422,False,True,0.3426227766635439,False,False,0.6378477836478855
arima_garch,2015-11-01,6,46.111198193323354,False,True,36.29177289797176,False,True,0.33738732756177714,False,False,0.7765766882034452
arima_garch,2015-11-01,7,51.27661953878125,False,True,34.42730516491568,False,True,0.3340846904209359,False,False,0.7888772497306865
arima_garch,2015-11-01,8,43.29558631070674,False,True,17.510893713448716,True,True,0.331194931065726,False,False,0.5725352235732984
arima_garch,2015-11-01,9,48.15345702971881,False,True,18.900732179948623,True,True,0.32938390482557256,False,False,0.6256235625372562
arima_garch,2015-11-01,10,48.750380992431175,False,True,24.403758931991597,False,True,0.3280791538472184,False,False,0.6923355898653922
arima_garch,2015-11-01,11,45.547976539593584,False,True,22.97070165862049,True,True,0.3272898980646153,False,False,0.6530848740154173
arima_garch,2015-11-01,12,28.378841038804588,True,True,23.04331230096735,True,True,0.3266704252375959,False,False,0.5200882923994969
arima_garch,2015-12-01,1,3.130329121750396,True,True,9.942870793009039,False,True,0.057510057814412215,False,False,0.1544357156112757
arima_garch,2015-12-01,2,5.258796321742334,True,True,5.785466405944277,True,True,0.011445148491889143,False,True,0.11028769959120183
arima_garch,2015-12-01,3,14.348059293584742,False,True,15.437101551721518,False,True,0.01149610586790429,False,True,0.283609279562317
arima_garch,2015-12-01,4,11.65426830646766,False,True,20.941513735468636,False,True,0.02999430817893125,False,True,0.34557733523669854
arima_garch,2015-12-01,5,8.899707738876309,True,True,16.231619747056705,True,True,0.046084394378000715,False,False,0.2693197948391044
arima_garch,2015-12-01,6,8.098843378256628,True,True,16.498201597485405,True,True,0.058049615685428,False,False,0.27150516378776524
arima_garch,2015-12-01,7,11.241981151077372,True,True,29.457322300938184,False,True,0.06624412387668013,False,False,0.45832540960905743
arima_garch,2015-12-01,8,10.46919606683825,True,True,27.701454946578117,False,True,0.07191987820244006,False,False,0.43483984279952526
arima_garch,2015-12-01,9,11.436766884574435,True,True,23.2808748603899,True,True,0.07582627388179378,False,False,0.38014410105449326
arima_garch,2015-12-01,10,12.646116043550244,True,True,26.154547246827086,False,True,0.07853873627479933,False,False,0.4146555832736417
arima_garch,2015-12-01,11,25.45814591033727,False,True,25.275186020784012,False,True,0.08041646908789166,False,False,0.4802236611598468
arima_garch,2015-12-01,12,32.48866170314551,False,True,25.50147628575388,False,True,0.08171229599173158,False,False,0.5305790927266615
arima_garch,2016-01-01,1,3.1207652841374127,True,True,4.308574788121469,True,True,0.05748050205865669,False,False,0.07953549742942248
arima_garch,2016-01-01,2,13.30734417566121,False,True,11.880675405471143,False,True,0.01005165677937114,True,True,0.23090220819763657
arima_garch,2016-01-01,3,11.64544221175393,False,True,20.37069410758345,False,True,0.012489844700479518,True,True,0.32435172199811113
arima_garch,2016-01-01,4,8.776346626531264,True,True,13.505613506177252,True,True,0.030491790686389866,False,True,0.2240924209690408
arima_garch,2016-01-01,5,8.210384282117118,True,True,14.30490820960479,True,True,0.04726507029717421,False,False,0.23243934834537594
arima_garch,2016-01-01,6,11.642218146229215,True,True,28.366378988733764,False,True,0.05930616024444254,False,False,0.42515747695828005
arima_garch,2016-01-01,7,11.143932248994552,True,True,27.195146034911218,False,True,0.06769312828940213,False,False,0.41140430817107554
arima_garch,2016-01-01,8,10.928353914698,True,True,21.928928036465198,True,True,0.07338179061893065,False,False,0.3477131555244971
arima_garch,2016-01-01,9,12.067448103641667,True,True,25.183081972616115,True,True,0.07731068717486797,False,False,0.39340536411783766
arima_garch,2016-01-01,10,25.707149847827885,False,True,24.687187974274615,False,True,0.08000779989027001,False,False,0.47072616026692826
arima_garch,2016-01-01,11,35.34841834249599,False,True,24.51421617886575,True,True,0.08188649908974388,False,False,0.5232408718262219
arima_garch,2016-01-01,12,38.33834662083178,False,True,27.752323951122406,True,True,0.083188081610538,False,False,0.5799896896935726
arima_garch,2016-02-01,1,12.36558871296204,False,True,15.247560767633486,False,True,0.05748807844260173,False,False,0.26286111271072077
arima_garch,2016-02-01,2,8.757580682909303,False,True,23.867755374170237,False,True,0.009719695759758841,False,True,0.35285527533553007
arima_garch,2016-02-01,3,6.368409537986508,True,True,14.284172761156086,False,True,0.012685630824883012,False,True,0.2260148264450189
arima_garch,2016-02-01,4,7.301559395187915,True,True,14.393429259189372,True,True,0.03367458242034317,False,False,0.23746788820924924
arima_garch,2016-02-01,5,10.957170774796591,True,True,28.02369452280919,False,True,0.04967729775098992,False,False,0.42017240373823156
arima_garch,2016-02-01,6,9.502899843771907,True,True,25.346425302645667,False,True,0.06130725147783045,False,False,0.3838673150082543
arima_garch,2016-02-01,7,9.94833134382268,True,True,18.726848411738846,False,True,0.06950913147550368,False,False,0.30486614896047526
arima_garch,2016-02-01,8,10.975201782926366,True,True,22.337985235408507,False,True,0.07524539702553307,False,False,0.35807463763052094
arima_garch,2016-02-01,9,26.532072247891087,False,True,22.507360767942018,True,True,0.07921019239098263,False,False,0.4593796390424404
arima_garch,2016-02-01,10,34.08314575643051,False,True,23.723633059626728,True,True,0.08194210697703538,False,False,0.5201987845378695
arima_garch,2016-02-01,11,37.9664523069663,False,True,27.037109351075998,False,True,0.08382067749652278,False,False,0.5832063829003286
arima_garch,2016-02-01,12,43.445753838581226,False,True,37.8868007799151,False,True,0.33424239382079496,False,False,0.7629731661299942
arima_garch,2016-03-01,1,8.85373277088749,False,True,25.936952940205387,False,False,0.059146452762416105,False,False,0.37069455079570085
arima_garch,2016-03-01,2,5.817107800920192,True,True,13.695216481448725,False,True,0.01131107677979483,True,True,0.20337150216924169
arima_garch,2016-03-01,3,6.803147796647137,True,True,14.244850551621976,False,True,0.01129749275232591,True,True,0.22005082936333809
arima_garch,2016-03-01,4,10.330059823548098,True,True,29.819184358983676,False,True,0.02920290308566437,False,True,0.4364151642272542
arima_garch,2016-03-01,5,10.12226078123485,True,True,26.730824976961248,False,True,0.04499793276265862,False,False,0.4033409987253287
arima_garch,2016-03-01,6,10.263374468221961,True,True,21.077967253390156,False,True,0.05673480554379554,False,False,0.3270731226372048
arima_garch,2016-03-01,7,10.982523554235595,True,True,22.38818905938034,False,True,0.06499772329512879,False,False,0.3478535648477994
arima_garch,2016-03-01,8,27.70205563779588,False,True,20.70554924961896,False,True,0.07075709239272619,False,False,0.4393885770927852
arima_garch,2016-03-01,9,35.46553828736569,False,True,19.769921733574115,True,True,0.0747528814054757,False,False,0.4804576483626022
arima_garch,2016-03-01,10,38.22617050496228,False,True,21.419148582022068,True,True,0.077508056846168,False,False,0.5150792287018439
arima_garch,2016-03-01,11,44.988247292810044,False,True,31.556431533262646,False,True,0.32940918374180744,False,False,0.6978447721737349
arima_garch,2016-03-01,12,39.66045305359781,False,True,23.11524914497,True,True,0.45072153691169614,False,False,0.5757039993017091
arima_garch,2016-04-01,1,4.239656892204927,True,True,13.613505297034058,False,True,0.058899181756331916,False,False,0.1955361005089823
arima_garch,2016-04-01,2,4.344072344858253,True,True,12.484494130561123,False,True,0.010107962701364014,False,True,0.18023902726515603
arima_garch,2016-04-01,3,8.880509529753581,True,True,28.31812941993716,False,True,0.012248637857748584,False,True,0.39775243118085163
arima_garch,2016-04-01,4,7.26115870816462,True,True,27.18827412261928,False,True,0.031752030257804945,False,True,0.3774516597434609
arima_garch,2016-04-01,5,7.134118488111341,True,True,20.10949645087759,False,True,0.048170530889060495,False,False,0.2936058614817902
arima_garch,2016-04-01,6,8.614882687265585,True,True,25.19539005482588,False,True,0.06021119025018558,False,False,0.35901321954073195
arima_garch,2016-04-01,7,23.622562963837083,False,True,22.326132244729823,False,True,0.06830075688145824,False,False,0.4256681434383401
arima_garch,2016-04-01,8,28.74993536840661,False,True,22.188485099940287,False,True,0.07407506555675326,False,False,0.4580208263587543
arima_garch,2016-04-01,9,30.739779875361567,False,True,25.324164858142005,False,True,0.07797319064910282,False,False,0.5087494357161801
arima_garch,2016-04-01,10,37.67185267581837,False,True,36.83470859847308,False,True,0.32943576838667593,False,False,0.7021805035447176
arima_garch,2016-04-01,11,32.54296126805423,False,True,26.839744258959648,False,True,0.451336908984575,False,False,0.5841815401829021
arima_garch,2016-04-01,12,27.703220317919197,False,True,32.352101236314496,False,True,0.7026484750126527,False,False,0.6528941292890634
arima_garch,2016-05-01,1,3.1765481870560963,True,True,14.628372872000604,False,True,0.059853759950852584,False,False,0.20337780370172448
arima_garch,2016-05-01,2,8.700452364324523,False,True,33.432414217193,False,False,0.010496305341498518,False,True,0.4574513771768204
arima_garch,2016-05-01,3,7.548388001789993,True,True,31.34645031459639,False,True,0.012202027978633307,False,True,0.4279519091389381
arima_garch,2016-05-01,4,6.9916349984348685,True,True,21.57197562819969,False,True,0.032959118023083725,False,False,0.3111829309370069
arima_garch,2016-05-01,5,8.395882081054477,True,True,24.83081866806285,False,True,0.049403193550330335,False,False,0.36513365174257933
arima_garch,2016-05-01,6,26.950234113490826,False,True,25.396173054985862,False,True,0.0609771518272402,False,False,0.4802997340910779
arima_garch,2016-05-01,7,36.07216198211944,False,True,25.513236168037977,False,True,0.06901008637166182,False,False,0.5363384220772947
arima_garch,2016-05-01,8,37.96214247298296,False,True,28.21344246847112,False,True,0.07461834381277421,False,False,0.5759597550487527
arima_garch,2016-05-01,9,47.385614640590916,False,True,42.16896867756077,False,True,0.32758646554338333,False,False,0.810732632067486
arima_garch,2016-05-01,10,40.240216699361405,False,True,28.713913445125783,False,True,0.45034418918461305,False,False,0.6489229073790995
arima_garch,2016-05-01,11,36.70080287948238,False,True,31.601131626485696,False,True,0.702241587678599,False,False,0.6961429999327764
arima_garch,2016-05-01,12,32.339697739009495,False,True,24.697350849331997,True,True,0.9335561862583543,False,False,0.6490836332507416
arima_garch,2016-06-01,1,8.489009989358056,False,True,38.44946419665941,False,False,0.057449090058075865,False,False,0.5247802456799515
arima_garch,2016-06-01,2,7.89824078454283,True,True,33.627709017729444,False,False,0.01120307460316786,False,True,0.4587805626621672
arima_garch,2016-06-01,3,8.010202285074726,True,True,23.973044935276192,False,True,0.011212063861868255,False,True,0.3359004395265505
arima_garch,2016-06-01,4,8.674376293185226,True,True,26.064418181270895,False,True,0.0321269416290883,False,False,0.3680120293710637
arima_garch,2016-06-01,5,27.51578221662001,False,True,23.840492434735157,False,True,0.04899889442001196,False,False,0.4605543218727021
arima_garch,2016-06-01,6,35.79351690514716,False,True,23.47760208066208,False,True,0.0608151309752963,False,False,0.5190245533970148
arima_garch,2016-06-01,7,38.189779156101146,False,True,28.31404892338967,False,True,0.06904495734134411,False,False,0.5828557256850011
arima_garch,2016-06-01,8,44.07620797103051,False,True,39.53155964094936,False,True,0.3245335920629299,False,False,0.7600876524291761
arima_garch,2016-06-01,9,38.454204292960654,False,True,26.79444893509548,False,True,0.4485754609109351,False,False,0.6084288554205686
arima_garch,2016-06-01,10,34.98621888539595,False,True,29.98613260217175,False,True,0.7013207446058765,False,False,0.6668417970928414
arima_garch,2016-06-01,11,30.485567837198147,False,True,21.513291624175423,True,True,0.9332187738963418,False,False,0.6127579728151166
arima_garch,2016-06-01,12,33.98101921740226,False,True,24.73674950981927,True,True,1.0845225450338567,False,False,0.706251702199376
arima_garch,2016-07-01,1,5.236422392898271,False,True,34.15022643583974,False,False,0.06058391373671592,False,False,0.4608038439871745
arima_garch,2016-07-01,2,5.281867735997647,True,True,23.975539853537988,False,True,0.010877606532661899,False,True,0.3269089104642512
arima_garch,2016-07-01,3,7.384680809759729,True,True,28.26857098258565,False,True,0.011558625873086599,False,True,0.38988192967831714
arima_garch,2016-07-01,4,27.924946366449255,False,True,26.600172201747768,False,True,0.029902135247077147,False,True,0.4839338475203915
arima_garch,2016-07-01,5,34.44247884037117,False,True,24.319084494783365,False,True,0.045964012541204025,False,False,0.5094151565569816
arima_garch,2016-07-01,6,34.5039575002904,False,True,28.503516982633943,False,True,0.057526837879461626,False,False,0.5504454725198693
arima_garch,2016-07-01,7,40.452520186866245,False,True,42.01295514698281,False,True,0.3147175681238035,False,False,0.7476370672952659
arima_garch,2016-07-01,8,35.369560271616834,False,True,26.988382700731393,False,True,0.44037303184918825,False,False,0.5912939309272564
arima_garch,2016-07-01,9,28.853043459571335,False,True,29.344732714216647,False,True,0.6944072438937667,False,False,0.6291563863602366
arima_garch,2016-07-01,10,26.325094772853575,False,True,18.885085862345377,False,True,0.9271762442413305,False,False,0.5810292095956157
arima_garch,2016-07-01,11,29.172230310622737,False,True,22.679318611920607,True,True,1.079077844044488,False,False,0.6687909494885012
arima_garch,2016-07-01,12,36.92266631210949,False,True,26.98130225444722,False,True,1.0803925567122854,False,False,0.7571460439553394
arima_garch,2016-08-01,1,3.9161507809974943,True,True,24.10833475245856,False,False,0.059627064108129936,False,False,0.32204314454791094
arima_garch,2016-08-01,2,6.014022029993006,True,True,22.7750810561619,False,True,0.011723618401822249,False,True,0.31214473359299555
arima_garch,2016-08-01,3,27.409439225136488,False,True,21.10680785931344,False,True,0.011547011640216792,False,True,0.4292462891343293
arima_garch,2016-08-01,4,35.850830497886,False,False,20.909783951262796,False,True,0.03155267576234985,False,True,0.49187730881429703
arima_garch,2016-08-01,5,34.66132029682865,False,True,26.190464148609294,False,True,0.04793987105243398,False,False,0.5409390373250997
arima_garch,2016-08-01,6,41.35247770024351,False,True,39.65758187962537,False,True,0.30894361325877134,False,False,0.7442302896031159
arima_garch,2016-08-01,7,35.83616246719586,False,True,25.413207425515647,False,True,0.43733484228639136,False,False,0.5844851889411242
arima_garch,2016-08-01,8,30.753605971887165,False,True,30.357044236526953,False,True,0.6931307385164722,False,False,0.6488138612425044
arima_garch,2016-08-01,9,28.907122520627965,False,True,21.024230806331452,False,True,0.9271209547622412,False,False,0.605147306470018
arima_garch,2016-08-01,10,30.93657497327149,False,True,23.61744709919876,False,True,1.0798760997478192,False,False,0.6910639384538
arima_garch,2016-08-01,11,38.704760201230144,False,True,27.994135412249285,False,True,1.0817860139841198,False,False,0.7725894959583839
arima_garch,2016-08-01,12,53.67097565137833,False,True,36.196293629235775,False,True,1.0830881061114095,False,False,0.946549518973471
arima_garch,2016-09-01,1,4.931917630899462,False,True,29.869928516413875,False,False,0.05970024982126518,False,False,0.40259627775299667
arima_garch,2016-09-01,2,31.906904799934217,False,False,25.172869781131524,False,True,0.011998448012247042,False,True,0.48626072065247505
arima_garch,2016-09-01,3,38.22263122589459,False,False,22.81831357899612,False,True,0.010478681408576763,True,True,0.5156778975468042
arima_garch,2016-09-01,4,39.216309911741625,False,False,26.403767616187245,False,True,0.028937476405468267,False,True,0.5640470388855395
arima_garch,2016-09-01,5,46.20511265773423,False,False,39.348551586869576,False,True,0.29395702999209494,False,False,0.7621735466318322
arima_garch,2016-09-01,6,39.30250093265083,False,True,25.440997032186807,False,True,0.42613188749823866,False,False,0.5889383090473657
arima_garch,2016-09-01,7,33.3016750202297,False,True,28.903235959662613,False,True,0.6846045451165245,False,False,0.6440675165137276
arima_garch,2016-09-01,8,29.009358558032478,False,True,19.991208190826747,True,True,0.9203952687504197,False,False,0.6038953341495548
arima_garch,2016-09-01,9,33.20011519241761,False,True,24.349623600756523,False,True,1.074387271879185,False,False,0.7128496783668745
arima_garch,2016-09-01,10,41.610869411075456,False,True,27.9762795673552,False,True,1.0771375658450792,False,False,0.783877691463825
arima_garch,2016-09-01,11,59.822617685327636,False,True,35.01781582163547,False,True,1.079030474194594,False,False,0.9665539172289449
arima_garch,2016-09-01,12,61.77060239381556,False,True,48.05522623187467,False,True,1.0803466383817928,False,False,1.0961038557048002
arima_garch,2016-10-01,1,32.28243431136134,False,False,28.272459390075277,False,False,0.05852027946712303,False,False,0.5109493280967244
arima_garch,2016-10-01,2,40.76306576287263,False,False,24.55399802139538,False,True,0.012602819399316359,False,True,0.5374177260601668
arima_garch,2016-10-01,3,42.07932470122119,False,False,26.629381764453644,False,True,0.010696532287361213,False,True,0.5682911349678954
arima_garch,2016-10-01,4,47.927664741575626,False,False,42.17765033816313,False,True,0.27611887414216835,False,False,0.7825929652302199
arima_garch,2016-10-01,5,43.092377939829404,False,False,25.41103980562855,False,True,0.41403302803326125,False,False,0.6102519861378388
arima_garch,2016-10-01,6,36.86646002722152,False,True,26.855586271956803,False,True,0.6761631500874772,False,False,0.6438598412719849
arima_garch,2016-10-01,7,32.11238820999428,False,True,17.125795633837303,True,True,0.9145852931905647,False,False,0.5959987758817419
arima_garch,2016-10-01,8,33.857955478664834,False,True,21.38378541938961,False,True,1.0704481047159493,False,False,0.6927713720517301
arima_garch,2016-10-01,9,42.940046940818974,False,True,24.824969320602992,True,True,1.0744649086446107,False,False,0.7719065488388471
arima_garch,2016-10-01,10,59.65917655019244,False,True,32.587833519331376,False,True,1.077215822047165,False,False,0.9536955222192722
arima_garch,2016-10-01,11,62.34441808116321,False,True,44.779037860053464,False,True,1.0791098102621042,False,False,1.0749344366546354
arima_garch,2016-10-01,12,67.2861214700372,False,True,40.03062829170476,False,True,1.0804235016144312,False,False,1.0658048557675264
arima_garch,2016-11-01,1,44.09971344367899,False,False,28.33852824131609,False,False,0.059654644473698754,False,False,0.5946982861783984
arima_garch,2016-11-01,2,45.398720880243566,False,False,33.439024738974084,False,False,0.010956290977554572,False,True,0.6608456037531443
arima_garch,2016-11-01,3,52.388076146162845,False,False,45.76843723238221,False,False,0.24896371558646913,False,False,0.8430933533533779
arima_garch,2016-11-01,4,44.227647926805844,False,True,27.03118443533648,False,True,0.39320799840584864,False,False,0.6307933284452959
arima_garch,2016-11-01,5,38.099535748660884,False,True,29.385519539484065,False,True,0.6614869436204808,False,False,0.672409237676467
arima_garch,2016-11-01,6,32.583126923294756,False,True,17.511906051012975,False,True,0.9034412581609318,False,False,0.6041949490087135
arima_garch,2016-11-01,7,36.46726082165797,False,True,22.64067673781515,False,True,1.0618662565325718,False,False,0.7154771857580208
arima_garch,2016-11-01,8,44.59412785539928,False,True,25.590814739948748,False,True,1.0676058147551772,False,False,0.7931101317296915
arima_garch,2016-11-01,9,62.98827225969591,False,False,34.93133177842405,False,True,1.0715661299001924,False,False,0.9888847796817611
arima_garch,2016-11-01,10,64.84309049758973,False,False,49.525456575833324,False,True,1.0743662510201324,False,False,1.1271720208019547
arima_garch,2016-11-01,11,74.52525655007253,False,False,47.410105259791486,False,True,1.076260935809162,False,False,1.1693485002596673
arima_garch,2016-11-01,12,72.14025379318892,False,True,42.253227248490106,False,True,1.0775715410923141,False,False,1.113234228170563
arima_garch,2016-12-01,1,3.9573281221917735,True,True,5.096970141315907,True,True,7.758551632305819e-06,True,True,0.08766896042504249
arima_garch,2016-12-01,2,5.668125287080715,True,True,16.731670945386625,False,True,0.24995877393436433,False,False,0.26077680772450235
arima_garch,2016-12-01,3,7.36315595242851,True,True,7.862557748002775,True,True,0.3699447866862959,False,False,0.20393447064464376
arima_garch,2016-12-01,4,8.78916872270241,True,True,9.726394144787523,True,True,0.6199354169815176,False,False,0.30309912027320424
arima_garch,2016-12-01,5,10.957402182233118,True,True,8.18225306032313,True,True,0.849927557617999,False,False,0.3859642002809097
arima_garch,2016-12-01,6,11.36000476858786,True,True,9.044869653146762,True,True,0.9999237800528787,False,False,0.4440105755857908
arima_garch,2016-12-01,7,12.56576750768426,True,True,10.824863732013505,True,True,0.9999182274754553,False,False,0.45399444742410333
arima_garch,2016-12-01,8,18.98645226856512,True,True,15.456181452135382,True,True,0.9999183340858363,False,False,0.5242433419838187
arima_garch,2016-12-01,9,21.37406301768487,True,True,23.14858851689798,False,True,0.9999176266196497,False,False,0.6043930234007734
arima_garch,2016-12-01,10,25.422515482027087,True,True,21.686502638086665,False,True,0.9999091283187831,False,False,0.617807330689733
arima_garch,2016-12-01,11,25.90238692019291,True,True,19.733705693486787,True,True,0.9998978085094327,False,False,0.5946750652432378
arima_garch,2016-12-01,12,25.85643776497419,True,True,18.650706948943643,True,True,0.9998954155642903,False,False,0.5813838048482
arima_garch,2017-01-01,1,4.525739865080871,True,True,16.882057442387342,False,True,0.2499748972758527,False,False,0.2585993949849267
arima_garch,2017-01-01,2,5.109324485975629,True,True,7.122173863711195,True,True,0.36996145244762274,False,False,0.19091116221065924
arima_garch,2017-01-01,3,7.302699711604571,True,True,9.411330787410343,True,True,0.6199442507169256,False,False,0.3054400890577118
arima_garch,2017-01-01,4,9.3626222189781,True,True,8.439763633362158,True,True,0.8499411175075485,False,False,0.38553328625429034
arima_garch,2017-01-01,5,11.441189634739754,True,True,9.966422000958833,True,True,0.9999354295852064,False,False,0.44945369991413314
arima_garch,2017-01-01,6,11.842233111429717,True,True,10.554100040520282,True,True,0.9999312841163479,False,False,0.451184408576231
arima_garch,2017-01-01,7,18.550322756404768,True,True,15.402650978465065,True,True,0.9999247046388184,False,False,0.5208448309429988
arima_garch,2017-01-01,8,20.87923894418195,True,True,24.15137572651256,False,True,0.9999037323344767,False,False,0.6100678701920422
arima_garch,2017-01-01,9,23.53054842716425,True,True,20.693873639894854,True,True,0.9999070013564115,False,False,0.5950882896775437
arima_garch,2017-01-01,10,23.85320714687478,True,True,18.41146890187001,True,True,0.9998970304261114,False,False,0.5731922292096877
arima_garch,2017-01-01,11,24.958694329873573,True,True,18.248115945442052,True,True,0.9998931734237045,False,False,0.5700686390971533
arima_garch,2017-01-01,12,32.64074321696936,False,True,33.589589477857466,False,True,0.9998849702543666,False,False,0.7571898004843682
arima_garch,2017-02-01,1,3.594047526553547,True,True,4.701137246308473,True,True,0.36997501119466775,False,False,0.17065239833305462
arima_garch,2017-02-01,2,5.399829276139549,True,True,7.920007405394728,True,True,0.6199582571291582,False,False,0.2943243402947946
arima_garch,2017-02-01,3,8.891172194496537,True,True,7.135453836296545,True,True,0.8499428444063327,False,False,0.3860925800001904
arima_garch,2017-02-01,4,9.947869770227296,True,True,8.80440811166121,True,True,0.9999391812245146,False,False,0.4498074140003628
arima_garch,2017-02-01,5,10.233898272267616,True,True,11.240154684311989,True,True,0.9999341114914414,False,False,0.45583286977925114
arima_garch,2017-02-01,6,17.47196894252708,True,True,16.17791474191431,True,True,0.9999263401523157,False,False,0.5263155141741727
arima_garch,2017-02-01,7,19.622436381472763,True,True,24.802186302845357,False,True,0.9999240514748212,False,False,0.6096295706649606
arima_garch,2017-02-01,8,24.954386801812518,False,True,20.491523852364562,True,True,0.9999149298700325,False,False,0.5971161055536806
arima_garch,2017-02-01,9,25.116588246866286,True,True,19.7251403197713,True,True,0.9999032766173462,False,False,0.5909849700256494
arima_garch,2017-02-01,10,23.724963767746786,True,True,19.598514400132075,True,True,0.999895763625672,False,False,0.575335372822852
arima_garch,2017-02-01,11,30.4758364458415,False,True,35.52868750413991,False,True,0.9998870877353729,False,False,0.7690284254243476
arima_garch,2017-02-01,12,29.27055708862469,True,True,40.45850092775413,False,True,0.9998802303532381,False,False,0.8011961568550382
arima_garch,2017-03-01,1,4.102841644577538,True,True,6.904505232155795,False,True,0.6199745986606704,False,False,0.3007971478485486
arima_garch,2017-03-01,2,8.546793754705492,True,True,6.348638130832679,True,True,0.8499674278850133,False,False,0.39223581872773333
arima_garch,2017-03-01,3,8.408865328204456,True,True,7.208737969337562,True,True,0.9999531874032537,False,False,0.4459306197099824
arima_garch,2017-03-01,4,8.355890234076224,True,True,8.871568587482383,True,True,0.999945075691827,False,False,0.4452467768819991
arima_garch,2017-03-01,5,16.329897550159533,True,True,12.602152755766376,True,True,0.9999392428956151,False,False,0.5061473473963901
arima_garch,2017-03-01,6,19.069689296838565,True,True,24.620766850185557,False,True,0.9999317641336961,False,False,0.6215989684751151
arima_garch,2017-03-01,7,22.61998258440457,False,True,21.044418435596835,False,True,0.9999285892650497,False,False,0.6049855893773642
arima_garch,2017-03-01,8,24.67884078878396,False,True,20.208736353742953,True,True,0.9999223978513851,False,False,0.6013766418510824
arima_garch,2017-03-01,9,22.87235377168225,True,True,18.8615419798161,True,True,0.9999235873202424,False,False,0.5781146372095407
arima_garch,2017-03-01,10,29.155640401304588,False,True,38.515664285806,False,True,0.999914872960698,False,False,0.8005770320839538
arima_garch,2017-03-01,11,27.485655530932405,False,True,43.96267831870223,False,True,0.9999138636711471,False,False,0.8346419988436683
arima_garch,2017-03-01,12,23.041368780354638,True,True,37.637287992003614,False,True,0.9999151988334515,False,False,0.754054742967997
arima_garch,2017-04-01,1,4.555655988456364,True,True,4.033046722478833,True,True,0.8499799974149441,False,False,0.4030384306490795
arima_garch,2017-04-01,2,5.657493554954852,True,True,5.319025483600713,True,True,0.9999685197131323,False,False,0.4531115336742059
arima_garch,2017-04-01,3,8.696239562576423,True,True,8.48627434615597,True,True,0.9999576687220161,False,False,0.45871630618079134
arima_garch,2017-04-01,4,16.88246097925081,True,True,15.782097459591604,False,True,0.9999489688226227,False,False,0.5342347681618637
arima_garch,2017-04-01,5,18.829528810602543,True,True,25.834266583293676,False,True,0.9999419055221973,False,False,0.6198150362270204
arima_garch,2017-04-01,6,23.27922365498484,True,True,21.496410340418137,False,True,0.9999401749850717,False,False,0.5976578220070146
arima_garch,2017-04-01,7,24.801949135523927,True,True,19.65027651661872,True,True,0.9999342442724759,False,False,0.5843282573850229
arima_garch,2017-04-01,8,23.18896429583903,True,True,19.19863924238181,True,True,0.9999320244200616,False,False,0.5705297736205419
arima_garch,2017-04-01,9,30.877255964365858,False,True,35.55153196526994,False,True,0.9999319171868042,False,False,0.7654586311615013
arima_garch,2017-04-01,10,29.947927409390353,True,True,39.65465437682917,False,True,0.9999267815008296,False,False,0.8043896121128568
arima_garch,2017-04-01,11,25.44363350770893,True,True,35.899077913271135,False,True,0.9999189231576446,False,False,0.7428582195319178
arima_garch,2017-04-01,12,26.444461462434845,True,True,36.073092650068766,False,True,0.9999160064877896,False,False,0.7553900548701712
arima_garch,2017-05-01,1,3.571884398213843,True,True,4.029596456152625,True,True,0.9999765724007015,False,False,0.47140119513579226
arima_garch,2017-05-01,2,6.303853907666593,True,True,5.6626477886065505,True,True,0.9999656320337653,False,False,0.4568844812608184
arima_garch,2017-05-01,3,16.92261669792463,False,True,12.612997588636091,False,True,0.9999545908128953,False,False,0.5313376558583238
arima_garch,2017-05-01,4,19.080020712284334,False,True,24.993491419402798,False,True,0.9999516730608075,False,False,0.624666814716338
arima_garch,2017-05-01,5,24.293941859608083,False,True,21.712078388507223,False,True,0.9999455402450499,False,False,0.6185758407379531
arima_garch,2017-05-01,6,24.363358975658667,False,True,19.059025769639906,False,True,0.9999386382336692,False,False,0.591731351978553
arima_garch,2017-05-01,7,24.113692969917988,False,True,16.771683771188062,False,True,0.9999303303015273,False,False,0.5738471999596271
arima_garch,2017-05-01,8,30.01614955259894,False,True,38.31340407665939,False,True,0.9999259593355763,False,False,0.7864254569847395
arima_garch,2017-05-01,9,28.09111634985168,False,True,43.74652149823887,False,True,0.999922929948924,False,False,0.8259147988240167
arima_garch,2017-05-01,10,26.048412356589033,True,True,37.98826392377512,False,True,0.9999203593095367,False,False,0.7514323294052553
arima_garch,2017-05-01,11,25.788006032762162,True,True,39.406414185584936,False,True,0.9999204930413617,False,False,0.7648353334268223
arima_garch,2017-05-01,12,27.15766223086777,True,True,24.120017713214395,True,True,0.9999167968440573,False,False,0.630089511028113
arima_garch,2017-06-01,1,6.367856495142123,False,True,5.323081851337745,True,True,0.9999739068926786,False,False,0.4927329858961411
arima_garch,2017-06-01,2,18.06704751982522,False,True,13.874103675998699,False,True,0.9999629965971377,False,False,0.5574095541486681
arima_garch,2017-06-01,3,19.3521269547005,False,True,28.386471406723942,False,True,0.9999587134006926,False,False,0.6646631913464549
arima_garch,2017-06-01,4,25.647251663350193,False,True,25.83530851535923,False,True,0.999948458369789,False,False,0.672083812644755
arima_garch,2017-06-01,5,24.638285528609025,False,True,21.305349922712058,False,True,0.9999436520241104,False,False,0.6231822937546385
arima_garch,2017-06-01,6,21.59388719065667,False,True,17.836483603075624,False,True,0.999930148533681,False,False,0.570268196684358
arima_garch,2017-06-01,7,28.21310233657961,False,True,37.86415157271733,False,True,0.9999273653632956,False,False,0.780431295361024
arima_garch,2017-06-01,8,26.49890724700675,False,True,43.01924386552868,False,True,0.9999189199696848,False,False,0.8189063090026364
arima_garch,2017-06-01,9,21.994427983817012,True,True,36.66227668029502,False,True,0.9999137131825885,False,False,0.738998695319195
arima_garch,2017-06-01,10,23.73358499821739,True,True,37.89740497983595,False,True,0.999900548362403,False,False,0.7588890199802175
arima_garch,2017-06-01,11,23.173886597564007,True,True,21.11596577379524,True,True,0.999898380428214,False,False,0.6023766057775326
arima_garch,2017-06-01,12,24.754754773653858,True,True,16.907520289934688,True,True,0.9998932627410541,False,False,0.5757797780131416
arima_garch,2017-07-01,1,21.552656215462264,False,False,15.11397125935371,False,True,0.9999754033261491,False,False,0.5987347211797859
arima_garch,2017-07-01,2,20.517208978228,False,True,28.842592120220306,False,True,0.9999641674157685,False,False,0.6774687212123819
arima_garch,2017-07-01,3,26.486789140316986,False,True,23.58764147393207,False,True,0.999960422565678,False,False,0.6617886295034696
arima_garch,2017-07-01,4,26.005705009988798,False,True,19.504406035340253,False,True,0.9999569851221255,False,False,0.6261879164405484
arima_garch,2017-07-01,5,26.7501710523174,False,True,17.44587430566228,False,True,0.9999530287662168,False,False,0.6014821151792771
arima_garch,2017-07-01,6,31.057925451445296,False,True,39.84917983017661,False,True,0.9999439815186457,False,False,0.8120285202994345
arima_garch,2017-07-01,7,29.5322091215791,False,True,48.04534376515208,False,True,0.9999426711464763,False,False,0.8812460598044407
arima_garch,2017-07-01,8,24.23316695241696,True,True,42.54742940056018,False,True,0.9999392915127472,False,False,0.7971128477228098
arima_garch,2017-07-01,9,24.161120564208233,True,True,44.15259499389278,False,True,0.9999337469064216,False,False,0.8103769923973841
arima_garch,2017-07-01,10,22.99183405804564,True,True,24.791680177665512,False,True,0.999931981325949,False,False,0.6303234887990224
arima_garch,2017-07-01,11,27.164648841867823,False,True,21.476385692451103,True,True,0.9999189837197584,False,False,0.6192820973375054
arima_garch,2017-07-01,12,15.5816203418373,True,True,16.531713914708448,True,True,0.9999156509717207,False,False,0.5084110185333363
arima_garch,2017-08-01,1,29.34162492457429,False,False,33.23378168154524,False,False,0.9999790979109389,False,False,0.7667534923371914
arima_garch,2017-08-01,2,32.217470169446585,False,False,26.973109113674234,False,True,0.999973324040276,False,False,0.7239540100119409
arima_garch,2017-08-01,3,29.986194539324117,False,True,20.02796802351422,False,True,0.9999676246037077,False,False,0.660169071944789
arima_garch,2017-08-01,4,28.68014411693976,False,True,18.08441200345491,False,True,0.9999637285028125,False,False,0.6350657818064879
arima_garch,2017-08-01,5,37.79754991545319,False,True,42.39526785077586,False,False,0.9999546287652291,False,False,0.8790175723051339
arima_garch,2017-08-01,6,34.18867003563136,False,True,50.24353911889873,False,False,0.9999450282892284,False,False,0.9303534883631391
arima_garch,2017-08-01,7,29.001667672952077,False,True,42.48769638796328,False,True,0.9999407571432033,False,False,0.8238506660212578
arima_garch,2017-08-01,8,26.987047776862013,False,True,44.769233012049284,False,True,0.9999342321921678,False,False,0.8340189847439162
arima_garch,2017-08-01,9,27.847814405543687,True,True,25.388115120355508,False,True,0.9999342792368547,False,False,0.6559049305394862
arima_garch,2017-08-01,10,30.296808272433132,False,True,22.33791783438371,True,True,0.9999227348617022,False,False,0.6374660487746767
arima_garch,2017-08-01,11,18.34663955580875,True,True,16.912151099800035,True,True,0.9999170058773234,False,False,0.5159601527946611
arima_garch,2017-08-01,12,17.48522255674822,True,True,16.336891073804836,True,True,0.9999060586958414,False,False,0.505623933074053
arima_garch,2017-09-01,1,39.32107306392993,False,False,28.238648423675333,False,False,0.9999786328654766,False,False,0.7800685304073606
arima_garch,2017-09-01,2,32.43756755849137,False,True,23.140926854156866,False,True,0.9999706903813907,False,False,0.700681293191737
arima_garch,2017-09-01,3,28.090789440337982,False,True,19.629841601467064,False,True,0.9999627140294145,False,False,0.6445265602147248
arima_garch,2017-09-01,4,37.6685953905048,False,True,46.41262328766024,False,False,0.9999514746355792,False,False,0.9151299893459403
arima_garch,2017-09-01,5,31.893429599182614,False,True,51.90553386668497,False,False,0.9999424225035572,False,False,0.9325776850413039
arima_garch,2017-09-01,6,22.77593133602338,False,True,45.192195355209634,False,True,0.999939623659052,False,False,0.8199164040165764
arima_garch,2017-09-01,7,22.775581672744075,False,True,47.753332404734984,False,True,0.9999273601383752,False,False,0.8431837321612996
arima_garch,2017-09-01,8,22.44302493907132,True,True,24.506059266993006,False,True,0.9999205584981957,False,False,0.6306828128906006
arima_garch,2017-09-01,9,25.337432464544342,False,True,19.472826463531412,False,True,0.9999153847630438,False,False,0.6049247281925415
arima_garch,2017-09-01,10,15.604601375288595,True,True,14.125342412994467,True,True,0.9999091619000167,False,False,0.48594018323496024
arima_garch,2017-09-01,11,15.879175771304752,True,True,12.455771200246268,True,True,0.9999043752410748,False,False,0.4786165560655463
arima_garch,2017-09-01,12,16.527670518355258,True,True,15.102643851826762,True,True,0.9998974801336878,False,False,0.4944486065129491
arima_garch,2017-10-01,1,38.72529081342095,False,False,24.703652550540244,False,False,0.9999824162332088,False,False,0.752100591680679
arima_garch,2017-10-01,2,31.52688522206244,False,True,20.508819502646702,False,True,0.9999712281647908,False,False,0.6770615788777841
arima_garch,2017-10-01,3,42.102706472616546,False,False,46.73826520218711,False,False,0.9999565616221606,False,False,0.9474273827044406
arima_garch,2017-10-01,4,35.21016871606791,False,True,53.6876391203986,False,False,0.999942622540421,False,False,0.9772120417356502
arima_garch,2017-10-01,5,24.565416079888113,False,True,47.988126075448804,False,False,0.9999325019363765,False,False,0.8739846132790654
arima_garch,2017-10-01,6,25.22097376965719,False,True,49.196057021050805,False,False,0.9999247943403112,False,False,0.8809769247378816
arima_garch,2017-10-01,7,24.113123016628233,False,True,27.436811340444983,False,True,0.999913818271179,False,False,0.6741153505623027
arima_garch,2017-10-01,8,29.264572594289096,False,True,23.209764954946216,False,True,0.9999158444857927,False,False,0.6597413147424789
arima_garch,2017-10-01,9,16.14623916542783,True,True,16.46405651124443,True,True,0.9999106578522494,False,False,0.5100317255299316
arima_garch,2017-10-01,10,14.989059408321417,True,True,14.316923553763942,True,True,0.9999078907972923,False,False,0.4846588267764611
arima_garch,2017-10-01,11,14.633846396802475,True,True,14.412251564610862,True,True,0.9999028055535139,False,False,0.4784188662224129
arima_garch,2017-10-01,12,15.327150373580452,True,True,14.266941238954168,True,True,0.899903334549931,False,False,0.4485586630278382
arima_garch,2017-11-01,1,36.17178862189606,False,False,20.759538627772663,False,False,0.9999827892323921,False,False,0.7133162894157562
arima_garch,2017-11-01,2,44.4004980504736,False,False,49.51065243200694,False,False,0.9999707265764738,False,False,0.9828738221523488
arima_garch,2017-11-01,3,34.83883611816367,False,True,53.16590100260261,False,False,0.9999619284185227,False,False,0.9652954007080385
arima_garch,2017-11-01,4,26.730741513025468,False,True,47.014716900950305,False,False,0.9999551629164644,False,False,0.8668725551988092
arima_garch,2017-11-01,5,24.88857135084756,False,True,46.140477579427746,False,False,0.9999512826460317,False,False,0.8497731660288328
arima_garch,2017-11-01,6,22.350448442752025,False,True,25.513418667404416,False,True,0.9999480891596311,False,False,0.6451980721525177
arima_garch,2017-11-01,7,25.193341191506327,False,True,20.340087338101736,False,True,0.9999358451769461,False,False,0.6230298513559837
arima_garch,2017-11-01,8,13.648029385786309,True,True,15.326705699333097,True,True,0.9999302059561306,False,False,0.49443003607298364
arima_garch,2017-11-01,9,13.581768259435592,True,True,14.876198264476045,True,True,0.9999212688460574,False,False,0.49318274073242563
arima_garch,2017-11-01,10,14.964011367355795,True,True,15.778462485090706,True,True,0.999915877243662,False,False,0.4909533506232798
arima_garch,2017-11-01,11,16.12129329233712,True,True,14.932035360292517,True,True,0.8999106772289107,False,False,0.4585574086630284
arima_garch,2017-11-01,12,16.837827095221385,True,True,15.98568045049904,True,True,0.7499052818262107,False,False,0.4286734212022575
arima_garch,2017-12-01,1,8.17412092940311,False,True,27.21582071791726,False,False,0.00023626210400000077,True,True,0.3603651018977525
arima_garch,2017-12-01,2,7.519819828390435,True,True,30.986850379737554,False,False,0.00028174534871288324,True,True,0.3981491541393073
arima_garch,2017-12-01,3,9.618218577728648,True,True,25.03629225196669,False,True,0.00032393039649725316,True,True,0.33868564742578006
arima_garch,2017-12-01,4,10.495363690967785,True,True,27.60558304088825,False,True,0.00035033623707565764,True,True,0.3741833043699659
arima_garch,2017-12-01,5,11.515891567511915,True,True,10.53361673496461,True,True,0.0003741521175680347,True,True,0.21082849081456795
arima_garch,2017-12-01,6,13.180473414570749,True,True,9.624758900069867,True,True,0.0003911198577092686,True,True,0.21540063307832413
arima_garch,2017-12-01,7,19.25127139037987,True,True,9.741998993149803,True,True,0.00040519637943472976,True,True,0.26402025714727617
arima_garch,2017-12-01,8,23.33420912970032,True,True,11.92807385767832,True,True,0.00041477862810209863,True,True,0.31916253985519427
arima_garch,2017-12-01,9,24.316663765584096,True,True,21.312457997013464,False,True,0.00042513333357845117,True,True,0.4149079438024478
arima_garch,2017-12-01,10,22.098665686439894,True,True,20.47190094698393,True,True,0.0999850424124694,False,False,0.38625861810838846
arima_garch,2017-12-01,11,23.768043798938592,True,True,21.146831366585104,True,True,0.2499786904664866,False,False,0.4147820707916581
arima_garch,2017-12-01,12,25.99253498238449,True,True,21.553761728960865,True,True,0.24998266319348766,False,False,0.4444607995135539
arima_garch,2018-01-01,1,7.1214176777158205,False,True,31.680665362215382,False,False,0.0002890098765306584,True,True,0.40662224203753816
arima_garch,2018-01-01,2,6.958228706262872,True,True,21.04422880520681,False,True,0.0003707599471366262,True,True,0.27515467343345235
arima_garch,2018-01-01,3,8.74262533493663,True,True,23.36505683015461,False,True,0.0004301298480838913,False,True,0.3100869728359591
arima_garch,2018-01-01,4,10.369237414023047,True,True,8.90333675906064,True,True,0.00045991351105497053,False,True,0.17934609963156933
arima_garch,2018-01-01,5,12.457252990388618,True,True,7.761928333450811,True,True,0.0004986093924085033,False,True,0.19271351519385282
arima_garch,2018-01-01,6,16.066001516418773,True,True,11.35570731851335,True,True,0.0005202111165169846,False,True,0.2586238840205466
arima_garch,2018-01-01,7,19.870807406914572,True,True,13.642906607328388,True,True,0.0005310087532181902,False,True,0.31093666231915007
arima_garch,2018-01-01,8,20.22480752835876,True,True,26.985987422144223,False,True,0.0005367316764026179,False,True,0.44765258322930623
arima_garch,2018-01-01,9,17.069744384074625,True,True,25.039045867887857,False,True,0.09995387210761866,False,False,0.40327299509527215
arima_garch,2018-01-01,10,18.24003894265728,True,True,25.528721852497284,False,True,0.24996612183790215,False,False,0.4359458128585689
arima_garch,2018-01-01,11,20.4449375143705,True,True,29.607501177889553,False,True,0.24997136961262742,False,False,0.4899778737831251
arima_garch,2018-01-01,12,22.53488869855166,True,True,25.28138620838125,False,True,0.2599741558921523,False,False,0.47075041372165816
arima_garch,2018-02-01,1,3.6294237890984835,True,True,25.832964052539694,False,False,0.0002526164129402404,True,True,0.32709262955734797
arima_garch,2018-02-01,2,5.69049801381847,True,True,26.111795196040948,False,False,0.0003311011376170175,True,True,0.3397625861834741
arima_garch,2018-02-01,3,7.331088607239,True,True,8.824802626441016,True,True,0.0003720863847164321,True,True,0.15594494278144916
arima_garch,2018-02-01,4,9.842612806460632,True,True,7.903732741626214,True,True,0.00041001274418219803,True,True,0.16610932007485368
arima_garch,2018-02-01,5,15.705481097596607,True,True,10.592751007282132,True,True,0.00043771147991873466,True,True,0.23975479252927445
arima_garch,2018-02-01,6,22.826095883284797,False,True,12.877658983757826,True,True,0.00046461085591841954,True,True,0.32578569466291296
arima_garch,2018-02-01,7,22.27552865143406,True,True,24.498861321145576,False,True,0.0004831388430996369,True,True,0.44263166061177417
arima_garch,2018-02-01,8,20.831065225927432,True,True,22.764793964377837,False,True,0.09934041447843266,False,False,0.41982585708490394
arima_garch,2018-02-01,9,23.406563482695383,True,True,23.153172073053618,False,True,0.24936149432121305,False,False,0.4552063312441451
arima_garch,2018-02-01,10,26.603946763762593,True,True,25.018430191591996,False,True,0.24936104602759848,False,False,0.49533940270047083
arima_garch,2018-02-01,11,30.25066439470443,False,True,22.610922255066868,True,True,0.25936679051799194,False,False,0.5055924751181462
arima_garch,2018-02-01,12,22.682954406287465,True,True,14.934761127189038,True,True,0.4993745181751028,False,False,0.4112128055597867
arima_garch,2018-03-01,1,4.50922203095058,True,True,31.601605633056774,False,False,0.00024637581412870354,True,True,0.40292504322166356
arima_garch,2018-03-01,2,5.618925593280588,True,True,9.369404425147769,False,True,0.00034920748061581953,True,True,0.1491669590043026
arima_garch,2018-03-01,3,8.177076328187713,True,True,6.590885771530923,True,True,0.00039116642897173723,True,True,0.13860088411892668
arima_garch,2018-03-01,4,15.262186247110957,True,True,7.640477455727957,True,True,0.0004064480890994635,True,True,0.2121682611561257
arima_garch,2018-03-01,5,21.188593930849787,False,True,10.98626940774248,True,True,0.0004286241799727748,True,True,0.290637525286227
arima_garch,2018-03-01,6,21.485813726503828,False,True,24.076241774818662,False,True,0.00045116820914242967,True,True,0.42738093965851953
arima_garch,2018-03-01,7,19.119288978340023,True,True,19.915673894783662,False,True,0.09974739878447526,False,False,0.3664446695215987
arima_garch,2018-03-01,8,18.192201170382837,True,True,19.4646564746379,False,True,0.24977357800377628,False,False,0.3723765881451029
arima_garch,2018-03-01,9,18.2528478025326,True,True,22.146128671543874,False,True,0.24977439064827625,False,False,0.40469397571534127
arima_garch,2018-03-01,10,22.19743035871211,True,True,17.6959245580613,True,True,0.2597843515020797,False,False,0.39668956082178075
arima_garch,2018-03-01,11,16.92988886577541,True,True,12.099058729968572,True,True,0.4997865016003713,False,False,0.34108309622295196
arima_garch,2018-03-01,12,16.30341678382539,True,True,14.314983906276822,True,True,0.49978682990090306,False,False,0.36072653216132167
arima_garch,2018-04-01,1,4.586931007160963,True,True,6.770792558234609,False,True,0.000247620567550962,True,True,0.10840564322771032
arima_garch,2018-04-01,2,6.843327053927661,True,True,4.66207327560274,True,True,0.0003319058835388424,True,True,0.10828862777608755
arima_garch,2018-04-01,3,15.455059734600688,True,True,8.565261157409061,True,True,0.00035954262817675163,True,True,0.22042601930839845
arima_garch,2018-04-01,4,20.843527684866668,False,True,10.955426662264177,False,True,0.00040303844580494633,True,True,0.28508263307221815
arima_garch,2018-04-01,5,19.999123390956026,False,True,25.184940145450042,False,True,0.0004218571409960568,True,True,0.42120238319298675
arima_garch,2018-04-01,6,16.450237294247557,True,True,22.412016347162925,False,True,0.09969552985547943,False,False,0.37689174344121745
arima_garch,2018-04-01,7,16.212313839475065,True,True,23.969394195972235,False,True,0.24970314428855633,False,False,0.4103068433515803
arima_garch,2018-04-01,8,19.755950486385302,True,True,26.1798577476946,False,True,0.24971703815412702,False,False,0.4487480995969009
arima_garch,2018-04-01,9,24.03016191221434,True,True,22.50856151236655,False,True,0.25972465568881536,False,False,0.4446182064226796
arima_garch,2018-04-01,10,18.595331524511302,True,True,14.13139367385591,True,True,0.49973372191035786,False,False,0.3663501105690712
arima_garch,2018-04-01,11,17.7758247830046,True,True,18.400337402216135,True,True,0.4997403380102429,False,False,0.3974116183108416
arima_garch,2018-04-01,12,19.681104229414565,True,True,19.04426517130789,True,True,0.4997452310162631,False,False,0.41460000920199014
arima_garch,2018-05-01,1,5.9219148382992675,True,True,3.5588328019668563,True,True,0.00026020488920184106,True,True,0.08924954216235084
arima_garch,2018-05-01,2,14.667041551208936,False,True,10.225405186020739,False,True,0.00035947337967589274,True,True,0.2288760480947597
arima_garch,2018-05-01,3,22.053472788381246,False,True,11.771074080810092,False,True,0.00038537765711006645,False,True,0.3071351794181561
arima_garch,2018-05-01,4,20.848352253888546,False,True,29.097815328628208,False,True,0.00043348433878480906,False,True,0.4744697889529622
arima_garch,2018-05-01,5,15.94728855049765,True,True,24.88885818582804,False,True,0.10000929428251973,False,False,0.4022436279322888
arima_garch,2018-05-01,6,18.31218280546868,True,True,24.49537466721459,False,True,0.2500495757842897,False,False,0.42874773033471014
arima_garch,2018-05-01,7,19.50850557932926,True,True,27.70950487142378,False,True,0.25007276136160095,False,False,0.4730177459609568
arima_garch,2018-05-01,8,24.01050647570451,False,True,23.720326493957607,False,True,0.2600866222298365,False,False,0.4728720191525886
arima_garch,2018-05-01,9,19.258631029198597,True,True,15.592896849585053,True,True,0.5000989577166363,False,False,0.39046980911898854
arima_garch,2018-05-01,10,18.502837537240886,True,True,19.614201880541465,True,True,0.5001012713357613,False,False,0.4239979194652762
arima_garch,2018-05-01,11,19.748298440242728,True,True,19.541058423013634,True,True,0.5001069877958005,False,False,0.4290391666825988
arima_garch,2018-05-01,12,26.20140909268786,True,True,31.405567096401327,False,True,0.5001101176093785,False,False,0.6137598763406148
arima_garch,2018-06-01,1,15.162027381868011,False,True,9.86523572939691,False,True,0.00025498328230284264,True,True,0.2201347471866819
arima_garch,2018-06-01,2,22.60984419803777,False,True,10.998575545378788,False,True,0.00029463012040746345,True,True,0.29682067807924006
arima_garch,2018-06-01,3,22.37641233827778,False,True,27.21415917748957,False,True,0.0003160920128211461,True,True,0.4572959188111447
arima_garch,2018-06-01,4,17.944798291910818,False,True,24.425831858377425,False,True,0.09943762161426693,False,False,0.4044257266286575
arima_garch,2018-06-01,5,18.373368083772608,True,True,23.802452365686733,False,True,0.24945765362803296,False,False,0.42810362516957223
arima_garch,2018-06-01,6,20.96623292398568,False,True,25.921098937209944,False,True,0.24952249011193442,False,False,0.4625205882234935
arima_garch,2018-06-01,7,25.019610121347206,False,True,24.134663170239577,False,True,0.2595209223006409,False,False,0.47333105933673614
arima_garch,2018-06-01,8,19.645628454885504,True,True,15.138269554243035,True,True,0.4995349610168678,False,False,0.38815798208514496
arima_garch,2018-06-01,9,19.721406538662066,True,True,20.1883868459383,True,True,0.49954327756144956,False,False,0.43005627106095856
arima_garch,2018-06-01,10,20.72231751718624,True,True,20.31599613891952,True,True,0.4995629947523906,False,False,0.4375860494307656
arima_garch,2018-06-01,11,26.9592995258919,True,True,35.030862354143714,False,True,0.4995657717618003,False,False,0.6229956129317717
arima_garch,2018-06-01,12,32.459606795544545,True,True,34.99433947058148,False,True,0.12956774268257237,False,False,0.6233686657131469
arima_garch,2018-07-01,1,24.206644822267762,False,False,11.60654555439328,False,True,0.0002266701375918666,True,True,0.32228728471624435
arima_garch,2018-07-01,2,22.631581577160503,False,True,30.47815857854608,False,False,0.0002692270858170677,True,True,0.49992314553628964
arima_garch,2018-07-01,3,17.618540383867725,False,True,26.337604275162207,False,True,0.09983509907944875,False,False,0.42393886300854927
arima_garch,2018-07-01,4,17.982448314866588,False,True,26.66408946541428,False,True,0.24988399028872343,False,False,0.4441026151758369
arima_garch,2018-07-01,5,19.708699688372587,False,True,28.856279284504808,False,True,0.2499348061188413,False,False,0.48762532069958353
arima_garch,2018-07-01,6,21.16002863139306,False,True,26.66285154393559,False,True,0.25997671426371993,False,False,0.47618107454630787
arima_garch,2018-07-01,7,16.669475781402127,True,True,13.497319242821234,True,True,0.4999959920960302,False,False,0.36222298329123115
arima_garch,2018-07-01,8,16.20026425479857,True,True,19.01281726902671,False,True,0.500012567929896,False,False,0.40384037514267124
arima_garch,2018-07-01,9,17.813516299888526,True,True,19.163841555250986,True,True,0.5000280977894118,False,False,0.4146169361235962
arima_garch,2018-07-01,10,23.441017635404897,True,True,34.31968287438245,False,True,0.5000393966019988,False,False,0.6110037328834285
arima_garch,2018-07-01,11,26.49136920293649,True,True,34.208592487389595,False,True,0.13004606186222578,False,False,0.5826936164358819
arima_garch,2018-07-01,12,27.08034857978724,True,True,30.44352720260052,False,True,0.00044103239032749564,False,True,0.5481641154938348
arima_garch,2018-08-01,1,24.309665814892547,False,False,34.1393572025379,False,False,0.00023167346335311808,True,True,0.5312141757021658
arima_garch,2018-08-01,2,13.610525867163272,False,True,25.664374003598027,False,False,0.09968851529486432,False,False,0.3836371019148317
arima_garch,2018-08-01,3,14.220680363126508,True,True,22.99392087206283,False,True,0.24967563255409755,False,False,0.37162632227251335
arima_garch,2018-08-01,4,17.300270469809387,True,True,24.267330197707913,False,True,0.2497553589073207,False,False,0.4070496665586324
arima_garch,2018-08-01,5,21.704952761034367,False,True,19.406797273615645,False,True,0.2598115985430072,False,False,0.39855384943597094
arima_garch,2018-08-01,6,16.923107106408654,True,True,11.613333923311043,True,True,0.4998378062648195,False,False,0.3386672551456721
arima_garch,2018-08-01,7,16.360415821713076,True,True,16.76376733159179,True,True,0.49987106145684507,False,False,0.37591991899063126
arima_garch,2018-08-01,8,17.76417155698364,True,True,18.008087134240593,True,True,0.4998913090918309,False,False,0.39246146861781395
arima_garch,2018-08-01,9,24.97782725027455,True,True,29.726217638911386,False,True,0.4999072049457091,False,False,0.5705974209261861
arima_garch,2018-08-01,10,27.06630894028701,True,True,30.95338905244838,False,True,0.12991452848564902,False,False,0.5510000999029527
arima_garch,2018-08-01,11,26.923349215807455,True,True,26.87918928344032,False,True,0.0004404721926705245,True,True,0.5097039592365302
arima_garch,2018-08-01,12,34.56991280592122,False,True,46.61764784483144,False,True,0.00043848890688614,True,True,0.7728186691017509
arima_garch,2018-09-01,1,17.348568696536603,False,False,28.416040763589905,False,False,0.09976164123445104,False,False,0.42957462704402083
arima_garch,2018-09-01,2,16.07977587772792,False,True,25.16602142783013,False,True,0.24972322421095575,False,False,0.41179846489864536
arima_garch,2018-09-01,3,19.93878427810887,False,True,26.815926143018828,False,True,0.24980486638374472,False,False,0.45741658219605763
arima_garch,2018-09-01,4,23.317351254719135,False,True,22.151478265159728,False,True,0.2598157430661629,False,False,0.4536872705316533
arima_garch,2018-09-01,5,16.07305732230727,True,True,12.861849005511356,True,True,0.49986467148748776,False,False,0.35272679051946526
arima_garch,2018-09-01,6,13.44567015515031,True,True,16.19243677523164,True,True,0.4999057562743947,False,False,0.3695201215479438
arima_garch,2018-09-01,7,13.831323142717036,True,True,16.10711868574175,True,True,0.49990327592853145,False,False,0.37217238228669536
arima_garch,2018-09-01,8,19.103789317821104,True,True,29.768416262026264,False,True,0.4999259767308607,False,False,0.5484003812971807
arima_garch,2018-09-01,9,21.38106299770878,True,True,31.295567576387974,False,True,0.1299443207908606,False,False,0.5306773291966177
arima_garch,2018-09-01,10,21.823037421343948,True,True,27.248773756343713,False,True,0.0005239899398794805,True,True,0.479071156782058
arima_garch,2018-09-01,11,26.011560526374417,False,True,44.64412731935618,False,True,0.0005259133520560926,True,True,0.7097741131600784
arima_garch,2018-09-01,12,26.5309158620979,True,True,48.300410522617106,False,True,0.43834242322327155,False,False,0.7731286704404587
arima_garch,2018-10-01,1,15.586660747959632,False,True,31.936332624800915,False,False,0.24977359443002875,False,False,0.477165639381272
arima_garch,2018-10-01,2,17.821718256593396,False,True,32.803159163797716,False,False,0.2497458356189582,False,False,0.5082861032820309
arima_garch,2018-10-01,3,22.41882456793667,False,True,25.79991772551017,False,True,0.2598541650521019,False,False,0.4753840879224514
arima_garch,2018-10-01,4,12.122255018187541,True,True,10.28316269217284,True,True,0.49989085684905554,False,False,0.30899593094988115
arima_garch,2018-10-01,5,10.403472113923037,True,True,15.451538124139375,False,True,0.4999563227517751,False,False,0.33809736728428175
arima_garch,2018-10-01,6,12.520339560528448,True,True,14.353807877697914,True,True,0.4999920758156877,False,False,0.33655217823544437
arima_garch,2018-10-01,7,19.00867423656011,True,True,28.4015277682334,False,True,0.5000209102895216,False,False,0.5243432736270217
arima_garch,2018-10-01,8,23.614971842001914,True,True,27.00150986886047,False,True,0.13003214844595837,False,False,0.49003844413246733
arima_garch,2018-10-01,9,21.685782981234127,True,True,22.212584016509293,False,True,0.0004922628310042571,True,True,0.4183222116652654
arima_garch,2018-10-01,10,27.443696929457133,False,True,41.046778112084525,False,True,0.0004965765196916949,True,True,0.6629297060125076
arima_garch,2018-10-01,11,26.568141427094304,False,True,44.219746877153135,False,True,0.4384005668281705,False,False,0.7291326161990171
arima_garch,2018-10-01,12,27.782435329312023,True,True,47.79968991354985,False,True,0.5583972009981057,False,False,0.7905349600192116
arima_garch,2018-11-01,1,22.201986473726325,False,False,38.020339264656315,False,False,0.24971161022783092,False,False,0.5783060402264437
arima_garch,2018-11-01,2,25.962651380124026,False,False,28.840916608247348,False,False,0.2597259683119565,False,False,0.5179734085917281
arima_garch,2018-11-01,3,14.708161213169472,False,True,12.82038563344545,False,True,0.4998241956219577,False,False,0.3482220903309671
arima_garch,2018-11-01,4,11.79326496796531,True,True,18.88463064837291,False,True,0.49974695818548276,False,False,0.37776236671685676
arima_garch,2018-11-01,5,12.513131065140037,True,True,18.07879009904697,False,True,0.4996166781065086,False,False,0.37330182052654026
arima_garch,2018-11-01,6,21.553437899533304,False,True,35.203831196490654,False,True,0.4996956310546461,False,False,0.6121572779826574
arima_garch,2018-11-01,7,24.037027828847762,False,True,34.83712466299144,False,True,0.1297409630553952,False,False,0.5792071162047794
arima_garch,2018-11-01,8,22.937169784954932,True,True,29.976877566439885,False,True,0.00047927254064097566,False,True,0.5103466752179749
arima_garch,2018-11-01,9,28.160268071333206,False,True,51.00229077960518,False,True,0.00048705715771534344,False,True,0.7804591252609937
arima_garch,2018-11-01,10,25.059047469266872,False,True,54.53187032712761,False,True,0.43836815894643594,False,False,0.8337354220034858
arima_garch,2018-11-01,11,23.365896208536725,True,True,54.39233061439954,False,True,0.5583548542086014,False,False,0.8331735646251371
arima_garch,2018-11-01,12,22.667118978342906,True,True,102.50501116326686,False,False,0.7483484460882905,False,False,1.4022825417817453
arima_garch,2018-12-01,1,5.027375016351671,True,True,4.954149195011674,True,True,0.033762612324877636,True,True,0.10361712583697089
arima_garch,2018-12-01,2,6.834488468685899,True,True,16.014598379316773,False,True,0.2422324873227838,False,False,0.2712378692269953
arima_garch,2018-12-01,3,11.458773504618378,True,True,10.332971821192046,True,True,0.26005592877189876,False,False,0.24854799758361212
arima_garch,2018-12-01,4,10.788665228909554,True,True,11.286935278440254,True,True,0.2717081554513221,False,False,0.2595032919779233
arima_garch,2018-12-01,5,9.563231712553844,True,True,10.488235086601616,True,True,0.27685742940402297,False,False,0.24292974647693188
arima_garch,2018-12-01,6,11.224892865573239,True,True,11.271957366329946,True,True,0.033550562870963835,True,True,0.2320333373799165
arima_garch,2018-12-01,7,12.666771077381917,True,True,11.44500494776019,True,True,0.0753386607132145,False,True,0.2528421947205852
arima_garch,2018-12-01,8,14.889739462041149,True,True,18.282884269532282,True,True,0.0732864338447191,False,True,0.34402988451668426
arima_garch,2018-12-01,9,15.446292126641715,True,True,22.086889963714853,True,True,0.47840331916613604,False,False,0.452667031280482
arima_garch,2018-12-01,10,16.87859628799597,True,True,21.919561771061936,True,True,0.5970044498718702,False,False,0.48348795310761383
arima_garch,2018-12-01,11,17.95080953205089,True,True,55.27478167153741,False,True,0.7857600096401974,False,False,0.8630954394502917
arima_garch,2018-12-01,12,18.500504076813904,True,True,50.143432156741504,False,True,0.7848020861996953,False,False,0.8015384602489984
arima_garch,2019-01-01,1,6.468401210725968,True,True,18.775081837752246,False,True,0.22725797545009382,False,False,0.2909369482234562
arima_garch,2019-01-01,2,11.532156274019636,False,True,9.507720868793681,True,True,0.24125151176984289,False,False,0.2342985149099011
arima_garch,2019-01-01,3,11.06574525365264,True,True,10.105070443417187,True,True,0.26165088075743836,False,False,0.24104117329706043
arima_garch,2019-01-01,4,8.739467533201164,True,True,8.644819810921085,True,True,0.2710621861030322,False,False,0.2182942757028124
arima_garch,2019-01-01,5,10.445024137010257,True,True,10.631353995159596,True,True,0.029943763945782034,True,True,0.21150671510692298
arima_garch,2019-01-01,6,10.788002707848591,True,True,10.690102729377614,True,True,0.08324712394077023,False,True,0.21894287277748525
arima_garch,2019-01-01,7,13.793833118055929,True,True,20.903341553770826,False,True,0.07955282134102373,False,True,0.3468470850823506
arima_garch,2019-01-01,8,14.172651527086828,True,True,25.634312206600466,False,True,0.4796077904733639,False,False,0.45963480478542607
arima_garch,2019-01-01,9,15.087695361626977,True,True,27.07972259614908,False,True,0.5935438030020393,False,False,0.5134535814451963
arima_garch,2019-01-01,10,15.421042414765871,True,True,67.99476969930487,False,True,0.7784709313025103,False,False,0.9794790080728142
arima_garch,2019-01-01,11,14.531466845518345,True,True,63.67835131539506,False,True,0.7773004462557231,False,False,0.9179249243130275
arima_garch,2019-01-01,12,16.01930299807165,True,True,64.99378296937213,False,True,0.7766070510511867,False,False,0.933173140911339
arima_garch,2019-02-01,1,10.704092705753645,False,True,8.172288171521142,False,True,0.24645765726325813,False,False,0.22514280477282464
arima_garch,2019-02-01,2,11.48274894697131,False,True,8.866590571918936,True,True,0.27085960685554566,False,False,0.24352758002660113
arima_garch,2019-02-01,3,6.758651818332236,True,True,8.484738556203215,True,True,0.28688988168236723,False,False,0.2101667556536207
arima_garch,2019-02-01,4,8.11413071847904,True,True,8.56454375073902,True,True,0.028856071164330963,True,True,0.16771247088458935
arima_garch,2019-02-01,5,9.402016695753414,True,True,8.520722575899232,True,True,0.06966289994748806,False,True,0.17890463869928075
arima_garch,2019-02-01,6,13.526742121800105,True,True,16.953762527859716,False,True,0.0676341756943321,False,True,0.29563965038497725
arima_garch,2019-02-01,7,13.835143818938793,True,True,22.52599710186039,False,True,0.45654206661988345,False,False,0.4298001933722585
arima_garch,2019-02-01,8,14.376772816869135,True,True,23.08723739346836,False,True,0.5737247677253026,False,False,0.47110011662414586
arima_garch,2019-02-01,9,13.570718958089039,True,True,63.665148664461995,False,False,0.7612142443574813,False,False,0.9349685708172102
arima_garch,2019-02-01,10,13.441537423650352,True,True,56.82647307607891,False,True,0.7595884874699572,False,False,0.86309264474335
arima_garch,2019-02-01,11,14.532972177317923,True,True,58.16608054025596,False,True,0.758770200205002,False,False,0.8799002172546218
arima_garch,2019-02-01,12,18.06128758795986,True,True,79.10438796869357,False,False,0.7580398024504726,False,False,1.129348428045196
arima_garch,2019-03-01,1,11.314871908579784,False,True,10.134037341785971,False,True,0.23570089398000876,False,False,0.2412519941784068
arima_garch,2019-03-01,2,5.619360473430481,True,True,6.432682828312226,True,True,0.26254784041368107,False,False,0.17442337554789078
arima_garch,2019-03-01,3,7.70807900665303,True,True,6.642572089203874,True,True,0.029326340439608176,True,True,0.13973680680673112
arima_garch,2019-03-01,4,8.00418390492533,True,True,7.6281708292321895,True,True,0.07970776087861765,False,True,0.16330764165559236
arima_garch,2019-03-01,5,10.79791601399393,True,True,17.162803789050177,False,True,0.07160126684660252,False,True,0.2799723241833418
arima_garch,2019-03-01,6,11.669306408750593,True,True,20.811381989324417,False,True,0.4762827837429051,False,False,0.40335684706504193
arima_garch,2019-03-01,7,12.534320329805144,True,True,22.832720808054248,False,True,0.5903793098330924,False,False,0.4537311409121423
arima_garch,2019-03-01,8,12.020016787988563,True,True,65.91790287399257,False,True,0.7761490720818206,False,False,0.9488560622058603
arima_garch,2019-03-01,9,12.524943820628398,True,True,59.78847532984055,False,True,0.7739926856102066,False,False,0.8770254437710849
arima_garch,2019-03-01,10,13.292328412803265,True,True,61.471731613791235,False,True,0.7723882539584744,False,False,0.8975211594798448
arima_garch,2019-03-01,11,13.929458579775492,True,True,82.72569537388594,False,True,0.7713137290850777,False,False,1.1341609459899842
arima_garch,2019-03-01,12,21.031284387044387,True,True,121.11554386593487,False,False,1.14058347396158,False,False,1.6787693902844794
arima_garch,2019-04-01,1,3.731285900923842,True,True,5.477317545902839,True,True,0.22452572771773607,False,False,0.1457048160968135
arima_garch,2019-04-01,2,7.015493156787155,True,True,6.702197084308809,True,True,0.03240637774421801,True,True,0.132105740936105
arima_garch,2019-04-01,3,7.028062075305307,True,True,5.864266934455653,True,True,0.09215485176849385,False,True,0.14032443908333853
arima_garch,2019-04-01,4,10.136006560831298,True,True,16.743883219232746,False,True,0.08459183411252255,False,True,0.27223544127921534
arima_garch,2019-04-01,5,9.768208474573786,True,True,19.334857450378443,False,True,0.4870242527882559,False,False,0.3906873590815164
arima_garch,2019-04-01,6,10.95220822301484,True,True,20.614147196433734,False,True,0.5977679395029648,False,False,0.43525355052343495
arima_garch,2019-04-01,7,11.459515873608176,True,True,66.72320494981457,False,False,0.7827739070696365,False,False,0.9494369168014593
arima_garch,2019-04-01,8,11.660965725651643,True,True,57.610686759093234,False,True,0.7803320856955646,False,False,0.8638535643934282
arima_garch,2019-04-01,9,14.19795691130254,True,True,60.151818800784056,False,True,0.7778257985390322,False,False,0.8851699223501337
arima_garch,2019-04-01,10,15.654718563508283,True,True,80.08193904993337,False,False,0.7763048968250166,False,False,1.1143861245338784
arima_garch,2019-04-01,11,21.55207839756703,True,True,121.73433003420428,False,False,1.1451265137253384,False,False,1.687350715577467
arima_garch,2019-04-01,12,25.213460994443558,True,True,135.1468019626015,False,False,2.0243724146520607,False,False,2.072954581106004
arima_garch,2019-05-01,1,4.900129053849932,True,True,4.472560864137096,True,True,0.049657062162125065,False,True,0.0991219094734048
arima_garch,2019-05-01,2,6.686277046376356,True,True,5.473199777901927,True,True,0.12414832686948762,False,True,0.13538100876773812
arima_garch,2019-05-01,3,9.499832705862215,True,True,16.236179361560055,False,True,0.10547635486666614,False,True,0.26085305889025107
arima_garch,2019-05-01,4,11.19891155284271,True,True,17.85128869506114,False,True,0.511219901849384,False,False,0.38702313736450994
arima_garch,2019-05-01,5,11.509061571183729,True,True,19.71275629999875,False,True,0.6210107509654059,False,False,0.4370342124570372
arima_garch,2019-05-01,6,11.391841348873559,True,True,63.05526079874407,False,False,0.8009358558222309,False,False,0.9137699757266311
arima_garch,2019-05-01,7,11.478151519922516,True,True,54.57992132615094,False,False,0.7961090748220236,False,False,0.8328248602205194
arima_garch,2019-05-01,8,12.78171994196876,True,True,55.08837397728362,False,True,0.7937745560963853,False,False,0.8401118839440146
arima_garch,2019-05-01,9,13.871771201798083,True,True,79.22478473219988,False,False,0.7915498698001108,False,False,1.100497872348681
arima_garch,2019-05-01,10,21.03610777105336,True,True,121.0826379764656,False,False,1.157648672767552,False,False,1.6904877611208269
arima_garch,2019-05-01,11,25.33945190752835,True,True,133.0114860936733,False,False,2.0365242106299672,False,False,2.0616683747209836
arima_garch,2019-05-01,12,22.38368614972913,True,True,101.54364215833328,False,False,2.0357228376909275,False,False,1.7239362293637668
arima_garch,2019-06-01,1,4.18471035192383,True,True,3.396370006041222,True,True,0.16132756627558992,False,False,0.11434942087920077
arima_garch,2019-06-01,2,8.40396476967532,True,True,18.55347626785455,False,True,0.12237424131823729,False,True,0.2837965969292217
arima_garch,2019-06-01,3,8.411224762460822,True,True,20.553504222168538,False,True,0.5249636563920075,False,False,0.4085886634533676
arima_garch,2019-06-01,4,9.795166085792477,True,True,20.774576090262038,False,True,0.6322518345293329,False,False,0.44532095024655716
arima_garch,2019-06-01,5,10.252861165624008,True,True,65.9995134414222,False,False,0.8156575158106778,False,False,0.9485196968548186
arima_garch,2019-06-01,6,12.33274847867514,True,True,56.731895723377846,False,True,0.8091397066538126,False,False,0.8474899212547636
arima_garch,2019-06-01,7,12.715078082377783,True,True,56.020794629416756,False,True,0.8037405115334642,False,False,0.8463936351534622
arima_garch,2019-06-01,8,12.290328526304023,True,True,79.37856632828918,False,False,0.8028859761708631,False,False,1.1002243878249724
arima_garch,2019-06-01,9,19.291657132514025,True,True,121.88890310270311,False,False,1.1706479225935977,False,False,1.6884240368559542
arima_garch,2019-06-01,10,22.046992065540294,True,True,134.65061695831218,False,False,2.048932092711391,False,False,2.0689233171441797
arima_garch,2019-06-01,11,19.048509055806157,True,True,103.59975378164523,False,False,2.0479473815976617,False,False,1.7439376216899065
arima_garch,2019-06-01,12,14.451129508431748,True,True,76.86072010658177,False,False,2.0472330096575666,False,False,1.4666716115428917
arima_garch,2019-07-01,1,10.216689408838382,False,True,20.75202718166357,False,True,0.15052090354191638,False,False,0.31544572861978776
arima_garch,2019-07-01,2,7.6100904528329885,True,True,23.447722618629342,False,True,0.5434407275578348,False,False,0.4388833119301527
arima_garch,2019-07-01,3,7.975852018638925,True,True,23.361049747320806,False,True,0.6395920880196514,False,False,0.4694090315913294
arima_garch,2019-07-01,4,8.39038354796882,True,True,74.3233941037109,False,False,0.8161656873957153,False,False,1.034921951636756
arima_garch,2019-07-01,5,9.580088183258095,True,True,68.023747177288,False,False,0.8047338848884207,False,False,0.9649233130862662
arima_garch,2019-07-01,6,10.830018560532281,True,True,65.13605855347474,False,False,0.797591965929435,False,False,0.9404695652395065
arima_garch,2019-07-01,7,12.626242615470535,True,True,86.45214909374839,False,False,0.7928014570033679,False,False,1.1799793906672587
arima_garch,2019-07-01,8,23.20101882839834,False,True,126.74048794284792,False,False,1.159651633430629,False,False,1.753021583285097
arima_garch,2019-07-01,9,28.20552021476317,False,True,135.30867569233567,False,False,2.0375051240097184,False,False,2.0895856051187334
arima_garch,2019-07-01,10,21.313848902058353,False,True,100.84862964862776,False,False,2.0360367109718407,False,False,1.7268777270265732
arima_garch,2019-07-01,11,15.155554138179482,True,True,71.53643887077622,False,True,2.034945617477184,False,False,1.427961753313625
arima_garch,2019-07-01,12,16.57774248384812,True,True,60.56916238651323,False,True,2.0342278794397597,False,False,1.3323273979683545
arima_garch,2019-08-01,1,8.846671146434614,False,True,28.648974919283607,False,False,0.5813419562696251,False,False,0.5095666507036685
arima_garch,2019-08-01,2,8.957109415393575,True,True,27.56224332656509,False,False,0.6534218238961997,False,False,0.522929619758599
arima_garch,2019-08-01,3,7.745568922336108,True,True,77.53849032204889,False,False,0.8213759228043039,False,False,1.0790198173162797
arima_garch,2019-08-01,4,8.031365073813465,True,True,67.08506316604897,False,False,0.8086055844342366,False,False,0.9544211784568087
arima_garch,2019-08-01,5,8.3735003313854,True,True,68.59137475154878,False,False,0.7956312053363713,False,False,0.9712918961099883
arima_garch,2019-08-01,6,12.450307224526124,True,True,90.29344272495283,False,False,0.7888123264639991,False,False,1.2237304580417525
arima_garch,2019-08-01,7,24.777117297442132,False,True,129.92098723452966,False,False,1.1540029051805805,False,False,1.7819499150463227
arima_garch,2019-08-01,8,28.060015481629343,False,True,140.10633060755237,False,False,2.0306689985916755,False,False,2.133956604589109
arima_garch,2019-08-01,9,21.5946229243783,False,True,107.56109500006038,False,False,2.028620482960765,False,False,1.7791728112520695
arima_garch,2019-08-01,10,13.686672988509251,True,True,79.27607045004578,False,False,2.027988050430864,False,False,1.4789936265109551
arima_garch,2019-08-01,11,15.938388567395421,True,True,68.85427210691599,False,True,2.026530528946452,False,False,1.3809010890232378
arima_garch,2019-08-01,12,19.38655658720404,True,True,65.13667073367367,False,True,2.025845325578072,False,False,1.3501732176092287
arima_garch,2019-09-01,1,8.115866106247646,False,True,28.585120391032767,False,False,0.7085207040948318,False,False,0.5533603053209633
arima_garch,2019-09-01,2,6.422699761387072,True,True,76.06326832965513,False,False,0.8612698859547383,False,False,1.0705658740426305
arima_garch,2019-09-01,3,7.683733425049024,True,True,68.87312019782289,False,False,0.833203656532788,False,False,0.9732843893987482
arima_garch,2019-09-01,4,8.354776762122118,True,True,66.79588662086407,False,False,0.8162739653184307,False,False,0.9531095174789532
arima_garch,2019-09-01,5,12.94005012385783,True,True,90.15082533940274,False,False,0.8022710727139735,False,False,1.2070835500552306
arima_garch,2019-09-01,6,22.585691397879177,False,True,131.78425874049248,False,False,1.1625975726337592,False,False,1.7848387983416125
arima_garch,2019-09-01,7,26.8878680530568,False,True,144.464487099645,False,False,2.0437499353817197,False,False,2.157772344635907
arima_garch,2019-09-01,8,22.667853436886183,True,True,107.25737056444349,False,False,2.0404580778404995,False,False,1.7714536395208829
arima_garch,2019-09-01,9,17.510498812644222,True,True,76.83354396394645,False,False,2.0381976476126087,False,False,1.4624529704272018
arima_garch,2019-09-01,10,18.691111129099816,True,True,65.40943313237813,False,True,2.036732963069936,False,False,1.3589919178279675
arima_garch,2019-09-01,11,21.16149953010757,True,True,64.72781042704311,False,True,2.035728814964816,False,False,1.3567081494105713
arima_garch,2019-09-01,12,24.08242780670986,True,True,52.63019949541526,False,True,2.034971846380711,False,False,1.2636947247648296
arima_garch,2019-10-01,1,5.280924615530527,True,True,80.39569229898876,False,False,0.8900540562536969,False,False,1.1313479684828327
arima_garch,2019-10-01,2,5.7601411761160595,True,True,72.57559686660726,False,False,0.8475694889709893,False,False,1.0208066358466907
arima_garch,2019-10-01,3,7.3372004204743,True,True,68.18859800197895,False,False,0.82534424796615,False,False,0.9629076014382378
arima_garch,2019-10-01,4,11.36222893525014,True,True,88.61826618502124,False,False,0.8047494474356065,False,False,1.19674291101566
arima_garch,2019-10-01,5,26.25789698990654,False,True,130.13334260516194,False,False,1.1609485103531085,False,False,1.7914447415030226
arima_garch,2019-10-01,6,28.591297050478136,False,True,139.8430024164731,False,False,2.0333224639046654,False,False,2.128064650794914
arima_garch,2019-10-01,7,24.517268799518376,False,True,107.80342515869786,False,False,2.0282349050955553,False,False,1.7849337679767885
arima_garch,2019-10-01,8,14.640117727151448,True,True,76.52627293235129,False,False,2.0254222700997238,False,False,1.456961542271697
arima_garch,2019-10-01,9,14.733199124887626,True,True,66.84572079492605,False,True,2.023050999221811,False,False,1.3612894769617299
arima_garch,2019-10-01,10,16.59067763676002,True,True,66.94220453956208,False,False,2.021450921470923,False,False,1.360085027397857
arima_garch,2019-10-01,11,18.895358656915796,True,True,56.589162038331146,False,True,2.0203639272633005,False,False,1.28391287557062
arima_garch,2019-10-01,12,19.85901846132677,True,True,68.47234715381151,False,True,2.019652931086931,False,False,1.380910766315791
arima_garch,2019-11-01,1,3.543082840312678,True,True,79.16177155829541,False,False,0.9065486053036731,False,False,1.104497184694424
arima_garch,2019-11-01,2,5.823447440268421,True,True,73.74934036650721,False,False,0.8668053565309811,False,False,1.0217476595216421
arima_garch,2019-11-01,3,10.552321588725867,True,True,95.42827583809384,False,False,0.8469014625761246,False,False,1.2576030082883762
arima_garch,2019-11-01,4,24.56891667605605,False,True,134.1611801146044,False,False,1.203491372631036,False,False,1.8113230974512478
arima_garch,2019-11-01,5,26.15328112246379,False,True,149.07642602361483,False,False,2.0722048977612184,False,False,2.2101746986129323
arima_garch,2019-11-01,6,21.43170250954123,False,True,115.00612524713185,False,False,2.0659790998791165,False,False,1.8427999774438755
arima_garch,2019-11-01,7,11.892212620937656,True,True,85.71727277680455,False,False,2.0611752436376083,False,False,1.5446151964680783
arima_garch,2019-11-01,8,13.344289471393687,True,True,76.69937311671417,False,False,2.057683431731369,False,False,1.4656011837279326
arima_garch,2019-11-01,9,15.621621874139315,True,True,74.50577697628961,False,False,2.055301831457533,False,False,1.4464931602754114
arima_garch,2019-11-01,10,20.92671519295144,True,True,65.28649944921574,False,True,2.053917269692875,False,False,1.3791924275185214
arima_garch,2019-11-01,11,20.89336020278406,True,True,75.84870966756958,False,False,2.05281130539154,False,False,1.4596973103222939
arima_garch,2019-11-01,12,30.46585767876551,False,True,53.04386906557101,False,True,2.052108976226136,False,False,1.3109523127972653
arima_garch,2019-12-01,1,4.266346267218761,True,True,4.552752709752701,True,True,0.0525502891139184,True,True,0.09579042413836084
arima_garch,2019-12-01,2,14.029920473380702,False,True,16.82268252149836,False,True,0.07009253256889758,True,True,0.29503356236386663
arima_garch,2019-12-01,3,32.76514497118623,False,True,50.318405385153056,False,False,0.36311654627105405,False,False,0.792892820550615
arima_garch,2019-12-01,4,35.92129113538734,False,True,62.15958874565642,False,False,1.231618420472566,False,False,1.1556622665345282
arima_garch,2019-12-01,5,28.502889011410883,False,True,33.38780937376612,False,True,1.2412718433037582,False,False,0.9020876122737758
arima_garch,2019-12-01,6,15.76374218802345,True,True,16.344524957919823,True,True,1.2489329864014578,False,False,0.7017734663500806
arima_garch,2019-12-01,7,11.998174259607016,True,True,13.45597544557544,True,True,1.25668509611759,False,False,0.654485384798569
arima_garch,2019-12-01,8,13.483708996681656,True,True,14.381271483430634,True,True,1.2586472355775267,False,False,0.6579427129798959
arima_garch,2019-12-01,9,15.985266808414565,True,True,13.606385964489796,True,True,1.2614623233936983,False,False,0.65815549893524
arima_garch,2019-12-01,10,17.342062672444285,True,True,16.908373716795545,True,True,1.2630614716095567,False,False,0.6855883643853843
arima_garch,2019-12-01,11,23.563621221804233,True,True,15.546869165190849,True,True,1.2643814389565327,False,False,0.7006404454413078
arima_garch,2019-12-01,12,41.35826375508362,False,True,22.515839756154946,True,True,1.2652285941497419,False,False,0.8596974067893727
arima_garch,2020-01-01,1,13.347537454118147,False,True,18.778891232768665,False,True,0.05044156872463165,True,True,0.28885062707451264
arima_garch,2020-01-01,2,32.12911505354441,False,False,56.78382509551007,False,False,0.3452574157357994,False,False,0.8282460370841294
arima_garch,2020-01-01,3,35.01625549826609,False,False,69.70639584132165,False,False,1.2235578782508418,False,False,1.202450765574354
arima_garch,2020-01-01,4,26.150946611615662,False,True,40.74215949049318,False,True,1.2415424184174544,False,False,0.9384497129231694
arima_garch,2020-01-01,5,11.78326129200973,True,True,18.88679807519482,False,True,1.2526704221860576,False,False,0.7163048446194694
arima_garch,2020-01-01,6,11.521911893072708,True,True,14.323183396872697,True,True,1.262897797658778,False,False,0.6704789457101639
arima_garch,2020-01-01,7,15.498188512938388,True,True,16.73488403798116,True,True,1.2727870298311739,False,False,0.6873377988516344
arima_garch,2020-01-01,8,18.36393090435213,True,True,14.487919893264198,True,True,1.2732094240960343,False,False,0.6813105092649032
arima_garch,2020-01-01,9,17.74663412077064,True,True,19.78435979129663,True,True,1.2759766648380693,False,False,0.7160920742990259
arima_garch,2020-01-01,10,26.716562131306976,False,True,14.651942368188124,True,True,1.278510630321028,False,False,0.7248347961900073
arima_garch,2020-01-01,11,46.29492356473201,False,True,17.584365998010036,True,True,1.279969183811083,False,False,0.8819872183746428
arima_garch,2020-01-01,12,53.650663739153245,False,True,21.34426187711862,True,True,1.2808784554206407,False,False,0.9655075562360071
arima_garch,2020-02-01,1,34.20217085877037,False,False,58.99692980792578,False,False,0.3306542655968983,False,False,0.8389090941482411
arima_garch,2020-02-01,2,38.69184609302989,False,False,68.53432816703197,False,False,1.18754573941791,False,False,1.1839523489439128
arima_garch,2020-02-01,3,29.38170983230975,False,True,35.70652684284801,False,True,1.2332879421184824,False,False,0.9051977731237629
arima_garch,2020-02-01,4,12.495047541590289,True,True,16.569114608009084,True,True,1.2355361983713047,False,False,0.6951219878779225
arima_garch,2020-02-01,5,9.922789255594445,True,True,13.468187672459305,True,True,1.2503186683222873,False,False,0.6576660837531274
arima_garch,2020-02-01,6,13.266370587028792,True,True,12.976804102653798,True,True,1.2647447833543657,False,False,0.6708423459516165
arima_garch,2020-02-01,7,19.196747317894125,True,True,11.650319646031722,True,True,1.2618665188071834,False,False,0.6805493199086838
arima_garch,2020-02-01,8,17.68986614252553,True,True,13.663632828292453,True,True,1.2660239259935595,False,False,0.6892275404550843
arima_garch,2020-02-01,9,23.988517122671816,False,True,12.688179365294538,True,True,1.2692179678456763,False,False,0.7168537509681396
arima_garch,2020-02-01,10,44.859564925484065,False,True,23.115086640390956,True,True,1.2711824008316241,False,False,0.9223940651941637
arima_garch,2020-02-01,11,50.47198290777765,False,True,29.35854798717523,False,True,1.2724772813126606,False,False,1.0098566622132181
arima_garch,2020-02-01,12,66.72915093553394,False,True,29.568446624186386,False,True,1.2733454574590515,False,False,1.1295539433019408
arima_garch,2020-03-01,1,40.40584457475781,False,False,75.8250313507207,False,False,1.1978985166140976,False,False,1.2382996782535227
arima_garch,2020-03-01,2,30.1462789161942,False,False,40.4617949526865,False,False,1.2347148160826127,False,False,0.9428796510015318
arima_garch,2020-03-01,3,12.740856973155736,False,True,16.298816839220677,False,True,1.2755241870650909,False,False,0.7252057612274823
arima_garch,2020-03-01,4,9.573669909233729,True,True,12.532993613077554,True,True,1.2895820961331101,False,False,0.674197663226497
arima_garch,2020-03-01,5,12.34190464735077,True,True,13.401832475599921,True,True,1.2920268483686193,False,False,0.682958853631789
arima_garch,2020-03-01,6,16.566311477987377,True,True,11.852392581352674,True,True,1.3001420412576326,False,False,0.6903028525170687
arima_garch,2020-03-01,7,17.01792043017308,True,True,15.405505103001339,True,True,1.3149667654249493,False,False,0.7091111925518303
arima_garch,2020-03-01,8,25.42538900431802,False,True,13.31183489360934,True,True,1.322994339230936,False,False,0.7429279237181505
arima_garch,2020-03-01,9,46.04980152212709,False,True,20.67307391036787,True,True,1.3209300105021031,False,False,0.9316898055633763
arima_garch,2020-03-01,10,53.06753090685559,False,True,25.399282407570098,False,True,1.322921939706782,False,False,1.0026897776959616
arima_garch,2020-03-01,11,71.53149786138485,False,True,24.450543708529658,False,True,1.3245001412398765,False,False,1.142604409292514
arima_garch,2020-03-01,12,90.56429134047954,False,False,23.752978771279686,True,True,1.3251202365034074,False,False,1.2880968340260206
arima_garch,2020-04-01,1,32.40970612438272,False,False,42.21349440301318,False,False,1.192401569900253,False,False,0.9350824618277843
arima_garch,2020-04-01,2,13.161690631051428,False,True,15.223133581715995,False,True,1.224238021326106,False,False,0.7018345532262107
arima_garch,2020-04-01,3,7.99651843884082,True,True,10.175931855795564,True,True,1.2438773176961713,False,False,0.6397152445715859
arima_garch,2020-04-01,4,10.284426525547314,True,True,10.97258570475794,True,True,1.2639474290137422,False,False,0.6465499070846309
arima_garch,2020-04-01,5,14.174474919221872,True,True,9.76841385099976,True,True,1.271585579117243,False,False,0.644640561799281
arima_garch,2020-04-01,6,14.668266175573002,True,True,14.253487473775653,True,True,1.2833093458185567,False,False,0.6631079782044492
arima_garch,2020-04-01,7,19.303133726005186,True,True,12.517450406840805,True,True,1.2894892456033418,False,False,0.6800165839803478
arima_garch,2020-04-01,8,37.799404921447135,False,True,22.141435963427746,True,True,1.2932290065835625,False,False,0.8453621799688279
arima_garch,2020-04-01,9,43.23564120330565,False,True,27.745023369659854,False,True,1.295611968709142,False,False,0.9150461522083657
arima_garch,2020-04-01,10,57.96124966794892,False,True,29.112772000525872,False,True,1.297898921729984,False,False,1.0292586132721235
arima_garch,2020-04-01,11,75.22008595183416,False,True,28.43885605886271,False,True,1.2992314174890232,False,False,1.1578816782704568
arima_garch,2020-04-01,12,88.60622885485438,False,True,39.68141685997051,False,True,1.3001636818048647,False,False,1.3351288541558382
arima_garch,2020-05-01,1,10.601769620005923,False,True,15.769489569162518,False,True,1.1981179619299693,False,False,0.7004863887592666
arima_garch,2020-05-01,2,7.045388173508741,True,True,9.718410620064487,True,True,1.212485303590582,False,False,0.6358645821248669
arima_garch,2020-05-01,3,9.109468707321486,True,True,11.595045141282998,True,True,1.2399323182162003,False,False,0.64320624109977
arima_garch,2020-05-01,4,14.17075173214474,True,True,9.326424820621774,True,True,1.2631033531922293,False,False,0.6551289878493987
arima_garch,2020-05-01,5,14.1664243713161,True,True,13.380941620299502,True,True,1.2781722044529056,False,False,0.6747088051298842
arima_garch,2020-05-01,6,24.44742022874896,False,True,11.205357840935239,True,True,1.288733231564088,False,False,0.7010838179480633
arima_garch,2020-05-01,7,47.31242955589237,False,True,18.468768481953663,True,True,1.2936142750780302,False,False,0.8877721182180126
arima_garch,2020-05-01,8,53.35275833245191,False,True,23.64658426482918,False,True,1.2977128546005336,False,False,0.9566670774567717
arima_garch,2020-05-01,9,67.4244904687038,False,True,25.671294748307304,True,True,1.300694084644677,False,False,1.0754161131153157
arima_garch,2020-05-01,10,92.59563804054054,False,True,22.775560110658894,True,True,1.3021538253151235,False,False,1.268774582118919
arima_garch,2020-05-01,11,104.80851804100449,False,False,32.891580580052455,False,True,1.3034558326520256,False,False,1.4369840911965563
arima_garch,2020-05-01,12,139.73578516693027,False,False,30.53282649591103,True,True,1.3044273051023039,False,False,1.7384297562205127
arima_garch,2020-06-01,1,6.211247750884571,True,True,8.41354040550386,False,True,1.202003246720789,False,False,0.6521675933076693
arima_garch,2020-06-01,2,9.37391622007098,True,True,10.75138751888867,True,True,1.228692946704694,False,False,0.6515308618962875
arima_garch,2020-06-01,3,12.717833526804121,True,True,9.01578961447926,True,True,1.2319354173777735,False,False,0.641532047880185
arima_garch,2020-06-01,4,11.745326123355813,True,True,13.333490373448218,True,True,1.2489601856631383,False,False,0.6516356521911328
arima_garch,2020-06-01,5,21.40018605242849,False,True,10.14620605627298,True,True,1.2394897940572942,False,False,0.6738621237614196
arima_garch,2020-06-01,6,42.71192883807218,False,True,17.686861481231062,True,True,1.245664848515252,False,False,0.8600356595550962
arima_garch,2020-06-01,7,47.334472615318006,False,True,25.526884563859674,False,True,1.2547911218044925,False,False,0.9382139287537637
arima_garch,2020-06-01,8,65.56624401509731,False,True,26.866051383390875,False,True,1.2610190138504853,False,False,1.0799377146635107
arima_garch,2020-06-01,9,84.54565725037264,False,False,26.606484264837597,False,True,1.262505057652207,False,False,1.2248835539118228
arima_garch,2020-06-01,10,98.62803481523761,False,False,37.82654704984839,False,True,1.2641949707773479,False,False,1.4123661808551606
arima_garch,2020-06-01,11,131.7176880455434,False,False,34.69689495050809,False,True,1.2652711641806889,False,False,1.6934277472831474
arima_garch,2020-06-01,12,103.08063447853704,False,True,29.099870553022356,False,True,1.265883857363227,False,False,1.3966654135139123
arima_garch,2020-07-01,1,8.851637735600994,False,True,8.392895350142606,False,True,1.2315548240312664,False,False,0.6675230289652235
arima_garch,2020-07-01,2,14.764577044653487,False,True,6.307111829263469,True,True,1.2427168403024529,False,False,0.667969601898281
arima_garch,2020-07-01,3,13.442713260813253,True,True,11.123714696189882,True,True,1.2626335262159565,False,False,0.6740390307460974
arima_garch,2020-07-01,4,24.179754086267334,False,True,9.70364092166474,True,True,1.280260300206944,False,False,0.7184576081879066
arima_garch,2020-07-01,5,47.328149707630814,False,True,21.772727565702844,False,True,1.2980191726818977,False,False,0.9284552793505706
arima_garch,2020-07-01,6,52.79732078268836,False,True,28.23208803550859,False,True,1.3071099989048238,False,False,1.0021191156480287
arima_garch,2020-07-01,7,73.66062308420734,False,False,26.79367804712661,False,True,1.3125741165777631,False,False,1.1517632050081423
arima_garch,2020-07-01,8,94.77216109544452,False,False,25.42519955921563,False,True,1.3163406102488138,False,False,1.3244632313015288
arima_garch,2020-07-01,9,105.30059796691333,False,False,39.146770659963664,False,True,1.3187807817008692,False,False,1.4799139416883438
arima_garch,2020-07-01,10,139.24411862246367,False,False,35.369170216791844,False,True,1.3204459578353418,False,False,1.779284172338869
arima_garch,2020-07-01,11,112.86026983320585,False,False,25.8821734617905,False,True,1.321578106524546,False,False,1.5003353361859708
arima_garch,2020-07-01,12,104.25072743888424,False,False,17.121318011306286,True,True,1.1937545279240012,False,False,1.3400339894831141
arima_garch,2020-08-01,1,17.408887428238657,False,True,5.20036125405386,True,True,1.23303615365692,False,False,0.6953402404200748
arima_garch,2020-08-01,2,12.582058885790618,False,True,12.591401787226719,False,True,1.2483122161902889,False,False,0.6860307867665965
arima_garch,2020-08-01,3,21.26145651387767,False,True,8.057985863933986,True,True,1.2729533726247513,False,False,0.699286768921968
arima_garch,2020-08-01,4,44.47215417405558,False,True,21.049900627216847,False,True,1.2932388207234633,False,False,0.9003885240933671
arima_garch,2020-08-01,5,53.026495832466466,False,True,28.837939117259328,False,True,1.3092956614240112,False,False,0.9962944031218535
arima_garch,2020-08-01,6,70.31095051417363,False,False,28.992328259655793,False,True,1.317509528840904,False,False,1.1361023635348628
arima_garch,2020-08-01,7,90.26035027872778,False,True,26.863378264612606,False,True,1.3246079744080042,False,False,1.300059176447046
arima_garch,2020-08-01,8,101.59435259225774,False,False,40.15189298198397,False,True,1.3289449915958218,False,False,1.4601684633139393
arima_garch,2020-08-01,9,137.22442452341147,False,False,36.860131931849885,False,True,1.33196798241109,False,False,1.7627925889139582
arima_garch,2020-08-01,10,108.36084521338921,False,False,27.686090175337256,False,True,1.3338726161517729,False,False,1.4507278415447968
arima_garch,2020-08-01,11,97.32553185926551,False,True,17.308689930801712,True,True,1.2064223402096073,False,False,1.2682156436959833
arima_garch,2020-08-01,12,95.363503154982,False,True,14.91970921512506,True,True,1.0884268944955762,False,False,1.2078471345197914
arima_garch,2020-09-01,1,16.667491907902075,False,False,12.688065491623485,False,True,1.2189719112615651,False,False,0.7084290166359649
arima_garch,2020-09-01,2,26.274984189104984,False,False,6.927474344038279,True,True,1.2165641163126726,False,False,0.713869024702386
arima_garch,2020-09-01,3,51.17355437529956,False,False,20.617387659417044,False,True,1.2294087196243724,False,False,0.9320383853794787
arima_garch,2020-09-01,4,58.72211281165252,False,False,28.450959862690528,False,True,1.262468361551465,False,False,1.0378996484362863
arima_garch,2020-09-01,5,79.72661885617006,False,False,29.21951785111733,False,True,1.2633127343982595,False,False,1.2008984026404401
arima_garch,2020-09-01,6,105.13732872486192,False,False,26.55288462309523,False,True,1.274496030058573,False,False,1.400387291888048
arima_garch,2020-09-01,7,114.86385573419732,False,False,41.65502817644918,False,True,1.2804945895347746,False,False,1.5627193105548518
arima_garch,2020-09-01,8,152.15531047613,False,False,37.88792157682148,False,True,1.2850987742720008,False,False,1.8782366149800973
arima_garch,2020-09-01,9,121.40447434506588,False,False,29.918929009601378,False,True,1.2877782174904135,False,False,1.5472917108833362
arima_garch,2020-09-01,10,108.69177645931669,False,False,21.872564756244984,True,True,1.1611392775632525,False,False,1.3643570572680068
arima_garch,2020-09-01,11,103.24897092422043,False,False,16.544765282805194,True,True,1.0436662451458805,False,False,1.2672717077147535
arima_garch,2020-09-01,12,100.41792640201174,False,True,16.30516903980311,True,True,0.32317333917789703,False,False,1.1136481015078035
arima_garch,2020-10-01,1,30.134872620605282,False,False,4.996828490734444,True,True,1.1985831721089713,False,False,0.7355293738638785
arima_garch,2020-10-01,2,54.33726176915239,False,False,22.43190520934663,False,True,1.2295753720482852,False,False,0.9539622092844554
arima_garch,2020-10-01,3,58.68619482569429,False,False,27.789515579275054,False,True,1.2265987582431381,False,False,1.0093345198755068
arima_garch,2020-10-01,4,74.51214520469783,False,False,29.631705574061456,False,True,1.2396124752927904,False,False,1.1480501074524418
arima_garch,2020-10-01,5,95.60634344043946,False,False,27.904296201767938,False,True,1.2452307651280177,False,False,1.3232760773004664
arima_garch,2020-10-01,6,105.6390590088368,False,False,38.744215295309246,False,True,1.2527646208654677,False,False,1.4626074706524206
arima_garch,2020-10-01,7,138.5603858820839,False,False,34.19487559967945,False,True,1.259392235653231,False,False,1.7581723173973516
arima_garch,2020-10-01,8,109.0496837885687,False,False,25.830270421441988,False,True,1.2634835681110812,False,False,1.4456289430828906
arima_garch,2020-10-01,9,101.58182928759622,False,False,16.115052529832468,True,True,1.1395372166352393,False,False,1.2932267014306436
arima_garch,2020-10-01,10,95.49081173166356,False,False,14.452960340987907,True,True,1.0249545795720874,False,False,1.1930549313734233
arima_garch,2020-10-01,11,91.80064266547356,False,False,15.354603663579162,True,True,0.3063801915616742,False,False,1.0287380694831274
arima_garch,2020-10-01,12,111.44014231628105,False,False,24.346880401425018,True,True,0.20008279605260335,False,True,1.2559045720331223
arima_garch,2020-11-01,1,63.988732571529944,False,False,24.93974104873595,False,False,1.2085971906489787,False,False,1.0362074842364932
arima_garch,2020-11-01,2,67.00248194372566,False,False,30.314571294699657,False,False,1.243431482311723,False,False,1.0921416982928567
arima_garch,2020-11-01,3,83.90287194227025,False,False,27.848041296061034,False,True,1.2576452880506708,False,False,1.2222236845937644
arima_garch,2020-11-01,4,102.66618802981934,False,False,24.619929973313177,False,True,1.2669844595200837,False,False,1.3767654626394952
arima_garch,2020-11-01,5,115.08516184532199,False,False,38.83942928468926,False,True,1.2725442937176337,False,False,1.5537598771725203
arima_garch,2020-11-01,6,146.1442677054556,False,False,34.100495833896694,False,True,1.279879079520919,False,False,1.834692627984019
arima_garch,2020-11-01,7,121.11178228284197,False,False,24.80220875976113,False,True,1.285063583224844,False,False,1.5523899053447838
arima_garch,2020-11-01,8,109.0267438465672,False,False,14.369564869222074,True,True,1.1596739395028126,False,False,1.3737770599472157
arima_garch,2020-11-01,9,104.64760925400148,False,False,14.307222344711164,True,True,1.0431755482044427,False,False,1.2934997772328711
arima_garch,2020-11-01,10,101.3675349003955,False,False,15.958354499483946,True,True,0.33321497427105873,False,False,1.135508272402871
arima_garch,2020-11-01,11,116.01091263318338,False,False,27.331027179978328,True,True,0.17902475707529045,False,True,1.3285299148275869
arima_garch,2020-11-01,12,114.38070993551042,False,True,28.005410451757307,True,True,0.636244285521701,False,False,1.3648747132768912
arima_garch,2020-12-01,1,6.125110022643931,True,True,3.812036692220804,True,True,5.413444574793477e-05,True,True,0.09215544292094618
arima_garch,2020-12-01,2,9.544992418279815,True,True,5.410702527393724,True,True,6.314335524748598e-05,True,True,0.13567143264646625
arima_garch,2020-12-01,3,18.60220822853763,False,True,7.075521239818972,True,True,7.218379676254008e-05,True,True,0.23632366231192042
arima_garch,2020-12-01,4,27.948797226391918,False,True,9.925580775800867,True,True,7.858894152812336e-05,True,True,0.3561308516368813
arima_garch,2020-12-01,5,52.97921860578839,False,True,8.72006762040549,True,True,8.095010671247177e-05,True,True,0.6111588094459018
arima_garch,2020-12-01,6,33.8216251924449,False,True,9.322166350258726,True,True,8.401347421259565e-05,True,True,0.41655447177487903
arima_garch,2020-12-01,7,30.204217595777266,True,True,19.823511960737353,False,True,0.12994309342545102,False,False,0.44769516047777913
arima_garch,2020-12-01,8,31.04724425066665,True,True,39.65814438031795,False,True,0.24994197747014085,False,False,0.5922411723709574
arima_garch,2020-12-01,9,28.460818427741906,False,True,40.589844198477635,False,True,0.9999430803744318,False,False,0.7258842831458159
arima_garch,2020-12-01,10,36.97191590514973,False,True,64.9508195963621,False,False,1.7499402416780536,False,False,1.181257860885021
arima_garch,2020-12-01,11,36.77301850940842,False,True,64.19106349026742,False,True,2.2499459345283768,False,False,1.352946660982533
arima_garch,2020-12-01,12,33.28418051696564,False,True,94.13147978494055,False,False,2.9599468908705697,False,False,1.7899786548685088
arima_garch,2021-01-01,1,10.582903126623888,False,True,4.009442730558254,True,True,4.6399876256986934e-05,True,True,0.14003833515098274
arima_garch,2021-01-01,2,23.236254648791455,False,True,5.563448714379973,True,True,6.854543124164506e-05,True,True,0.27466076912680537
arima_garch,2021-01-01,3,28.362725150650704,False,True,10.043959445057677,True,True,8.28499911545023e-05,True,True,0.35580775690898137
arima_garch,2021-01-01,4,57.59626342627088,False,True,8.948863292520226,True,True,9.118948389657229e-05,False,True,0.6542820606927525
arima_garch,2021-01-01,5,34.867706866290895,False,True,8.6061428271049,True,True,9.590530207077882e-05,False,True,0.41814954792076087
arima_garch,2021-01-01,6,30.486942622474473,False,True,15.857501888617229,True,True,0.1300132665895152,False,False,0.4225301853004788
arima_garch,2021-01-01,7,28.187969111786998,True,True,32.18519131535912,False,True,0.2500106488042906,False,False,0.530148975028635
arima_garch,2021-01-01,8,27.314593503417164,True,True,33.16861032675401,False,True,1.000012870015714,False,False,0.6724778257294808
arima_garch,2021-01-01,9,40.11591569290129,False,True,53.92235369988492,False,True,1.7500141564146854,False,False,1.1396456660969139
arima_garch,2021-01-01,10,40.646569777139064,False,True,55.32239682412376,False,True,2.2500123185841137,False,False,1.3319839075823667
arima_garch,2021-01-01,11,35.6696449099453,False,True,87.81214227804864,False,False,2.9600199923812403,False,False,1.7769472467325382
arima_garch,2021-01-01,12,39.216248165598614,False,True,64.06687204437131,False,True,3.710017160081178,False,False,1.977968251944175
arima_garch,2021-02-01,1,29.542307187272137,False,True,3.6164610454707695,True,True,4.655982926566849e-05,True,True,0.3324067596651899
arima_garch,2021-02-01,2,33.76250805345455,False,True,9.130641929469233,True,True,5.6465813512438954e-05,True,True,0.4054593945622464
arima_garch,2021-02-01,3,62.30238999015484,False,False,7.420569453600404,True,True,6.481543610828495e-05,True,True,0.6940118426254033
arima_garch,2021-02-01,4,38.26793000703222,False,True,8.608746253497692,True,True,6.928324223656556e-05,True,True,0.44775561555789584
arima_garch,2021-02-01,5,30.01594393967728,False,True,18.547837918153654,False,True,0.1298958494603239,False,False,0.4246730448651256
arima_garch,2021-02-01,6,27.811405503624542,False,True,37.57185200173083,False,True,0.24990042265876994,False,False,0.550956682827673
arima_garch,2021-02-01,7,28.53801078144007,False,True,40.97011648448019,False,True,0.9999430652955208,False,False,0.7268112531456794
arima_garch,2021-02-01,8,42.52422747201367,False,True,66.30487225974517,False,True,1.7499448518152176,False,False,1.2069600317142517
arima_garch,2021-02-01,9,41.17095556166376,False,True,65.9187677315432,False,True,2.249946131734881,False,False,1.3741039477568116
arima_garch,2021-02-01,10,36.613588206860406,False,True,97.03627646205275,False,False,2.959941923412454,False,False,1.8141017570027704
arima_garch,2021-02-01,11,42.509004450690895,False,True,70.79608491955776,False,False,3.7099382104263676,False,False,2.015447344601261
arima_garch,2021-02-01,12,46.437747756759016,False,True,56.357741368460744,False,True,4.999929920716724,False,False,2.5665769951617206
arima_garch,2021-03-01,1,42.45988588388924,False,False,10.656548416325391,False,True,4.800413426071714e-05,True,True,0.49534452995272416
arima_garch,2021-03-01,2,64.6089941368189,False,False,7.253240875935992,True,True,5.721514916601374e-05,True,True,0.7205095163155296
arima_garch,2021-03-01,3,36.44907720522603,False,True,7.134986338610883,True,True,6.466855905900174e-05,True,True,0.41494105263785325
arima_garch,2021-03-01,4,28.353169131573093,False,True,15.70103419597114,False,True,0.12992980187313322,False,False,0.39327707295851927
arima_garch,2021-03-01,5,27.974480714693215,False,True,35.04364890633687,False,True,0.24993312799874387,False,False,0.5328393371977072
arima_garch,2021-03-01,6,27.736045443848937,False,True,35.099301400237415,False,True,0.9999455789934476,False,False,0.6966892360337443
arima_garch,2021-03-01,7,38.796151340156634,False,True,61.01436799834857,False,True,1.7499463335698766,False,False,1.1718147689786784
arima_garch,2021-03-01,8,39.238865152237814,False,True,57.10613636734452,False,True,2.2499478552889225,False,False,1.33284741000497
arima_garch,2021-03-01,9,34.257884109550666,False,True,90.21469421161814,False,False,2.9599422887562725,False,False,1.761270018742299
arima_garch,2021-03-01,10,40.568207514846755,False,True,64.38424380914907,False,True,3.7099456589525137,False,False,1.9700023887136606
arima_garch,2021-03-01,11,44.88047426596849,False,True,51.350462174702834,False,True,4.999949192558193,False,False,2.5467506966856623
arima_garch,2021-03-01,12,52.5799677483091,False,True,42.57621092662104,False,True,5.129945098851765,False,False,2.584524209727284
arima_garch,2021-04-01,1,78.82103097579994,False,False,9.23461424574166,False,True,4.9443128563202247e-05,True,True,0.8798303673881374
arima_garch,2021-04-01,2,40.77163529551393,False,False,6.078107654205862,True,True,5.660399848669105e-05,True,True,0.45397866330964853
arima_garch,2021-04-01,3,29.286997367609867,False,True,15.852728019297693,False,True,0.1298995478218261,False,False,0.4013385764871902
arima_garch,2021-04-01,4,26.288116179852505,False,True,36.78142844389324,False,True,0.24991953500097921,False,False,0.5421147452087733
arima_garch,2021-04-01,5,27.323107563768346,False,True,38.227747457031526,False,True,0.9999314217584337,False,False,0.7119659054109023
arima_garch,2021-04-01,6,36.957023724772846,False,True,63.16068381613859,False,False,1.7499384944506715,False,False,1.1704559011725393
arima_garch,2021-04-01,7,34.10424359645338,False,True,60.598959306316445,False,False,2.24993984575024,False,False,1.3107936314542978
arima_garch,2021-04-01,8,28.313357895696704,True,True,93.69799646437568,False,False,2.959942232689471,False,False,1.7612714170081336
arima_garch,2021-04-01,9,35.67980005156204,False,True,67.95861912720903,False,True,3.7099442866834407,False,False,1.9750892565982303
arima_garch,2021-04-01,10,40.36796870909884,False,True,55.58359053690238,False,True,4.999944320718479,False,False,2.545501843331544
arima_garch,2021-04-01,11,48.44349018570983,False,True,46.355834165416766,False,True,5.129948901426334,False,False,2.5936548958715857
arima_garch,2021-04-01,12,46.065603902099035,False,True,57.987575278450024,False,True,6.499947136407008,False,False,3.306241843499966
arima_garch,2021-05-01,1,56.424000613739544,False,False,3.686414698583288,True,True,5.102097978030646e-05,True,True,0.6143079997328482
arima_garch,2021-05-01,2,37.33502458914974,False,True,16.96932657896272,False,True,0.12996004966315883,False,False,0.4715849665768135
arima_garch,2021-05-01,3,29.080799646241054,False,True,41.620222231363456,False,True,0.2499670733700187,False,False,0.5802274799670422
arima_garch,2021-05-01,4,26.1659564285262,False,True,42.10319903492605,False,False,0.9999774424081906,False,False,0.7310811855197176
arima_garch,2021-05-01,5,35.87783064563892,False,True,68.36047973756091,False,False,1.7499870873518986,False,False,1.1979086269071733
arima_garch,2021-05-01,6,35.46324148157815,False,True,62.029810065122575,False,False,2.249990633163954,False,False,1.3455715197652989
arima_garch,2021-05-01,7,29.758488443000203,False,True,93.40522707363726,False,False,2.9599949240588836,False,False,1.7718243403753369
arima_garch,2021-05-01,8,36.04428190156396,False,True,64.96608720928104,False,False,3.7099997061719163,False,False,1.989384405514585
arima_garch,2021-05-01,9,38.86698931386628,False,True,48.9580706643536,False,True,5.000003328346304,False,False,2.558844431318721
arima_garch,2021-05-01,10,45.040522169749735,False,True,43.19860040736857,False,True,5.130004199693497,False,False,2.611314115029466
arima_garch,2021-05-01,11,44.02539524617971,False,True,56.67564927202421,False,True,6.500000109134736,False,False,3.3361617078137424
arima_garch,2021-05-01,12,27.114697068503837,True,True,85.59159678524702,False,False,7.519999748679119,False,False,3.8844755852092105
arima_garch,2021-06-01,1,48.87163767118915,False,False,17.878372268912727,False,True,0.1299109430013601,False,False,0.58665241708142
arima_garch,2021-06-01,2,37.165422243820004,False,True,43.1348942734518,False,False,0.249925709956309,False,False,0.6547601182540914
arima_garch,2021-06-01,3,29.08453154241195,False,True,45.95157410457975,False,False,0.9999239924740029,False,False,0.773395547093682
arima_garch,2021-06-01,4,42.600925352729675,False,True,71.56465891628842,False,False,1.749935856342462,False,False,1.2641097801958034
arima_garch,2021-06-01,5,41.9771515873658,False,True,70.09938756783443,False,False,2.2499433401895543,False,False,1.4182454290297677
arima_garch,2021-06-01,6,31.665497127895563,False,True,105.21741517613685,False,False,2.959952102204201,False,False,1.8541931642139557
arima_garch,2021-06-01,7,39.880732217117895,False,True,77.18498897478423,False,False,3.7099550423480245,False,False,2.0432417562510956
arima_garch,2021-06-01,8,42.90576331955407,False,True,64.50232805910468,False,False,4.9999504654962745,False,False,2.608975833235109
arima_garch,2021-06-01,9,49.96819964901369,False,True,56.325316121519855,False,True,5.129945732885578,False,False,2.6612607916279174
arima_garch,2021-06-01,10,48.583225725292955,False,True,71.34541291086782,False,True,6.49994461662961,False,False,3.3822890381855015
arima_garch,2021-06-01,11,30.34498937510888,True,True,100.96809802657054,False,False,7.519915948871116,False,False,3.9319302039609
arima_garch,2021-06-01,12,26.089223254443965,True,True,108.56831646577601,False,False,8.309911694553277,False,False,4.3505702056769655
arima_garch,2021-07-01,1,39.729500837065444,False,False,43.98620245295619,False,False,0.24991829504596996,False,False,0.6697574042355037
arima_garch,2021-07-01,2,27.291959929904316,False,True,45.12079228946739,False,False,0.9999180265542792,False,False,0.758347386616306
arima_garch,2021-07-01,3,37.96713599123959,False,True,68.58081044762912,False,False,1.7499172183043337,False,False,1.211374225593889
arima_garch,2021-07-01,4,36.750185414357915,False,True,62.849003514745455,False,False,2.2499350814254044,False,False,1.3594933033850145
arima_garch,2021-07-01,5,32.42215699966528,False,True,97.15399328506278,False,False,2.959938342103914,False,False,1.811418517046202
arima_garch,2021-07-01,6,37.713042220100085,False,True,66.07037104613124,False,False,3.7099290729649814,False,False,1.9869872666362904
arima_garch,2021-07-01,7,40.01616183540307,False,True,52.21358839256693,False,True,4.999914251919497,False,False,2.5638030038456763
arima_garch,2021-07-01,8,44.76868754860906,False,True,42.87973561318032,False,True,5.129929863504605,False,False,2.5983915574021275
arima_garch,2021-07-01,9,39.51154115973523,False,True,54.87406115570516,False,True,6.499934390865749,False,False,3.2894174091088444
arima_garch,2021-07-01,10,22.949014266749465,True,True,82.45579721040805,False,False,7.519932983936697,False,False,3.8354228991568418
arima_garch,2021-07-01,11,19.803450047772607,True,True,92.42867337896946,False,False,8.309933457446768,False,False,4.258319824274728
arima_garch,2021-07-01,12,36.27415034576351,False,True,184.57157526978386,False,False,8.929938435751168,False,False,4.936384626396591
arima_garch,2021-08-01,1,42.646244354063704,False,False,48.299934916651445,False,False,0.9999272586505911,False,False,0.8693901705976786
arima_garch,2021-08-01,2,46.75974190764856,False,False,75.40328010137745,False,False,1.7499304631997112,False,False,1.3061103168194168
arima_garch,2021-08-01,3,39.7039135870542,False,True,68.08851079377808,False,False,2.2499620069159882,False,False,1.4176473755198136
arima_garch,2021-08-01,4,33.24954711097179,False,True,98.8814293935529,False,False,2.959964224522652,False,False,1.8408132475244772
arima_garch,2021-08-01,5,38.027516918548876,False,True,69.75203650528884,False,False,3.7099729876624385,False,False,2.028954237026289
arima_garch,2021-08-01,6,38.621712028070846,False,True,52.85937001354018,False,False,4.999972329658631,False,False,2.5682139770566117
arima_garch,2021-08-01,7,50.66802159228322,False,True,45.576356861257565,False,True,5.129976084002203,False,False,2.645116512816773
arima_garch,2021-08-01,8,46.75771070084909,False,True,59.949724616034615,False,False,6.49997738236972,False,False,3.353844041866725
arima_garch,2021-08-01,9,26.061166612403547,True,True,91.4451987988856,False,False,7.519967667957746,False,False,3.8890730829056803
arima_garch,2021-08-01,10,22.748201797288367,True,True,99.19609198563978,False,False,8.309970255678632,False,False,4.294005807405798
arima_garch,2021-08-01,11,29.35377834585777,True,True,193.0437557319862,False,False,8.929964160884934,False,False,4.972438247702694
arima_garch,2021-08-01,12,24.40709773061974,True,True,143.4825305264473,False,False,9.24996244854676,False,False,4.897122664517996
arima_garch,2021-09-01,1,65.00140508949744,False,False,77.67906294718823,False,False,1.74992825280212,False,False,1.4313733709543806
arima_garch,2021-09-01,2,54.41405688546946,False,False,75.85308974475689,False,False,2.2499405601883016,False,False,1.5332859702826802
arima_garch,2021-09-01,3,40.22738560511161,False,True,107.85111470641257,False,False,2.9599429322949256,False,False,1.9230741960520779
arima_garch,2021-09-01,4,49.49449646483522,False,True,78.34171995112388,False,False,3.709959905415927,False,False,2.11618550609046
arima_garch,2021-09-01,5,50.18939436335242,False,True,60.88156582023538,False,False,4.999965639559515,False,False,2.6693799439994343
arima_garch,2021-09-01,6,59.750658709983185,False,True,54.87600590932022,False,False,5.12996329590272,False,False,2.7307454440016192
arima_garch,2021-09-01,7,54.54955158401232,False,True,68.38039502173194,False,False,6.499967313761968,False,False,3.4281970792783136
arima_garch,2021-09-01,8,31.46418042705274,False,True,96.16374210513045,False,False,7.519970383834391,False,False,3.9588050625358058
arima_garch,2021-09-01,9,24.012092426546467,True,True,101.88084141957505,False,False,8.30996745368881,False,False,4.343383711705698
arima_garch,2021-09-01,10,24.277579582288233,True,True,193.6804650194004,False,False,8.929973319390722,False,False,4.99002970269224
arima_garch,2021-09-01,11,21.303662511608195,True,True,141.03357269674348,False,False,9.249969624792048,False,False,4.913369430508379
arima_garch,2021-09-01,12,24.156852068283413,True,True,156.58724181554734,False,False,10.049967839759448,False,False,5.376947392118663
arima_garch,2021-10-01,1,61.09745341666722,False,False,75.84773630251733,False,False,2.2499451771824948,False,False,1.579514001332902
arima_garch,2021-10-01,2,39.78136014063143,False,True,109.00018986734202,False,False,2.9599450778211938,False,False,1.9487181227574917
arima_garch,2021-10-01,3,43.17386934912802,False,True,81.07592303466681,False,False,3.7099609081180183,False,False,2.1295314859485472
arima_garch,2021-10-01,4,47.04796509309144,False,True,64.92781194317377,False,False,4.999944496861191,False,False,2.691763893073207
arima_garch,2021-10-01,5,52.676974492321605,False,True,56.15499298689722,False,False,5.129928780937208,False,False,2.726284014850889
arima_garch,2021-10-01,6,49.32148025391201,False,True,69.39072692101836,False,False,6.499931175818477,False,False,3.440092628210146
arima_garch,2021-10-01,7,26.505964056651564,False,True,101.06723935755298,False,False,7.519941337368314,False,False,3.9879454343219156
arima_garch,2021-10-01,8,21.532881400854095,True,True,108.53168969320495,False,False,8.309944962152668,False,False,4.40201064308535
arima_garch,2021-10-01,9,23.494460816277787,True,True,202.33185582904633,False,False,8.929940826753453,False,False,5.075994403415289
arima_garch,2021-10-01,10,19.897356608925186,True,True,148.7377725421146,False,False,9.249939061953205,False,False,4.994380006865159
arima_garch,2021-10-01,11,22.503971664612855,True,True,162.85993820231408,False,False,10.049937398822642,False,False,5.441452718023306
arima_garch,2021-10-01,12,24.895421506572767,True,True,195.69371562705786,False,False,10.56993388333208,False,False,5.829730674303209
arima_garch,2021-11-01,1,53.61860637585197,False,False,111.47760454466598,False,False,2.9599186138306965,False,False,2.0335487174699165
arima_garch,2021-11-01,2,52.05112530041711,False,False,82.7926548417316,False,False,3.7099208222986158,False,False,2.19556349026443
arima_garch,2021-11-01,3,50.28266027594378,False,True,64.53726204451434,False,False,4.999939378512115,False,False,2.7288422985329075
arima_garch,2021-11-01,4,62.74939799624179,False,True,55.049800820190654,False,False,5.1299503247636675,False,False,2.7901259624811567
arima_garch,2021-11-01,5,55.033430254179,False,True,71.91720978893903,False,False,6.499951467028872,False,False,3.486703421740585
arima_garch,2021-11-01,6,28.889952757095372,False,True,102.08626029601322,False,False,7.519947152456299,False,False,4.013032419712
arima_garch,2021-11-01,7,21.51232038561445,True,True,107.39106608319624,False,False,8.309948519384696,False,False,4.417106216472716
arima_garch,2021-11-01,8,22.730455867178797,True,True,199.78604771273933,False,False,8.929951865510478,False,False,5.037894976519512
arima_garch,2021-11-01,9,19.661361475195996,True,True,148.64410901359292,False,False,9.24995449612929,False,False,4.9629795302781226
arima_garch,2021-11-01,10,21.83745804751731,True,True,163.92095060709414,False,False,10.049952362701811,False,False,5.428329295483239
arima_garch,2021-11-01,11,24.122533733414507,True,True,196.61934465216092,False,False,10.569948876205284,False,False,5.797361092474296
arima_garch,2021-11-01,12,21.581128969646507,True,True,161.7114202138235,False,False,10.749948862195557,False,False,5.761385954597398
arima_garch,2021-12-01,1,8.72233987751432,False,True,25.789387836702268,False,False,0.09414105607467566,True,True,0.2827685790084048
arima_garch,2021-12-01,2,13.256592308030232,False,True,39.36949324934296,False,False,0.8331496452398737,False,False,0.62758801728015
arima_garch,2021-12-01,3,22.053062213450183,False,True,43.76451500761328,False,True,0.6894419767957385,False,False,0.660633241102714
arima_garch,2021-12-01,4,18.60633271291561,True,True,29.588343920428773,False,True,1.8736700295792577,False,False,1.0164823138478565
arima_garch,2021-12-01,5,13.348160239182867,True,True,11.980627477678329,True,True,2.763109393272903,False,False,1.3398002283947847
arima_garch,2021-12-01,6,16.6345554237842,True,True,12.75970847209068,True,True,3.464870280277374,False,False,1.6931363919571654
arima_garch,2021-12-01,7,59.53975307648087,False,True,60.535070603822625,False,True,4.027179160741796,False,False,2.2798903995854705
arima_garch,2021-12-01,8,44.10429034392104,False,True,24.126031446538498,False,True,4.3095492492419725,False,False,2.2268059983304287
arima_garch,2021-12-01,9,51.32266818125698,False,True,34.11132016446209,False,True,5.082078203941397,False,False,2.6533143870189826
arima_garch,2021-12-01,10,56.81597455899771,False,True,56.939952739073064,False,True,5.580330826541776,False,False,2.969703548306172
arima_garch,2021-12-01,11,43.82220620055224,False,True,31.51840858657603,False,True,5.746617871248376,False,False,2.9089787754097585
arima_garch,2021-12-01,12,36.16830487034445,True,True,19.760445883762557,True,True,5.739936972033047,False,False,2.831314211920281
arima_garch,2022-01-01,1,14.838457528864284,False,True,41.64842161819833,False,False,1.323766470387389,False,False,0.8386338329257541
arima_garch,2022-01-01,2,23.58018602374299,False,True,48.243754882975225,False,False,1.0019054740353524,False,False,0.7829052515505874
arima_garch,2022-01-01,3,20.24005710391901,False,True,32.9763942950959,False,True,2.059298496257651,False,False,1.1302985712382008
arima_garch,2022-01-01,4,13.292167244403927,True,True,12.59342884690346,True,True,2.87803677818707,False,False,1.4163283463112057
arima_garch,2022-01-01,5,17.132130827137225,True,True,11.357326620278805,True,True,3.5562624608218605,False,False,1.7581376009913279
arima_garch,2022-01-01,6,61.71487627217369,False,True,61.8064540588925,False,True,4.095727828311498,False,False,2.3359788364696037
arima_garch,2022-01-01,7,46.67119252603149,False,True,27.177636065299758,False,True,4.348820416917162,False,False,2.26485371711418
arima_garch,2022-01-01,8,51.54461355984986,False,True,36.95885946365826,False,True,5.113222972633256,False,False,2.6790407555736717
arima_garch,2022-01-01,9,54.54217243380551,False,True,58.29483837963192,False,True,5.606875168229176,False,False,2.9948666301426865
arima_garch,2022-01-01,10,41.14058955961735,False,True,31.667215624805095,False,True,5.765702345757752,False,False,2.9356975275929393
arima_garch,2022-01-01,11,34.20643538414209,True,True,16.864983054090516,True,True,5.752468184728117,False,False,2.8487597864485954
arima_garch,2022-01-01,12,25.8853442483844,True,True,24.759177617002592,True,True,5.742777998566485,False,False,2.807950951685206
arima_garch,2022-02-01,1,24.97704428407154,False,True,50.13278668569107,False,False,1.4325087306856754,False,False,0.9666109171428976
arima_garch,2022-02-01,2,20.8199387507351,False,True,34.44617226889787,False,True,2.383690680375525,False,False,1.309582712017677
arima_garch,2022-02-01,3,10.606571041546186,True,True,11.451350343266046,True,True,3.1140594126519447,False,False,1.5681513391319566
arima_garch,2022-02-01,4,13.986784012131203,True,True,11.260195928378216,True,True,3.702874211907247,False,False,1.8556977839574493
arima_garch,2022-02-01,5,58.722126696235165,False,True,61.76229930756557,False,False,4.209395427760681,False,False,2.399583992339359
arima_garch,2022-02-01,6,42.221023284281145,False,True,21.847434122674613,False,True,4.451741815753701,False,False,2.3200867836767998
arima_garch,2022-02-01,7,49.03127753127697,False,True,30.895404855963328,False,True,5.188812492932875,False,False,2.725781114499481
arima_garch,2022-02-01,8,53.6484384552717,False,True,56.85285121220926,False,True,5.672523000026688,False,False,3.0414752796865825
arima_garch,2022-02-01,9,40.14924921591324,False,True,28.670747595754527,False,True,5.824956757674533,False,False,2.9708822920955225
arima_garch,2022-02-01,10,34.54091748464548,False,True,16.842006977858084,True,True,5.806791867631299,False,False,2.8953332649095955
arima_garch,2022-02-01,11,23.50506838398811,True,True,25.357996019344846,True,True,5.795120219681941,False,False,2.8549561679369084
arima_garch,2022-02-01,12,25.081870598590825,True,True,39.90799195743243,False,True,5.787141003448328,False,False,2.8695579168388994
arima_garch,2022-03-01,1,22.7284054455329,False,True,33.034931468483855,False,False,2.759440346950327,False,False,1.544512212403805
arima_garch,2022-03-01,2,6.986803302701951,True,True,9.698514603286739,True,True,3.365349383540195,False,False,1.7418760530912498
arima_garch,2022-03-01,3,11.502398208677914,True,True,10.426231200191559,True,True,3.8562552952098983,False,False,1.9775957057648423
arima_garch,2022-03-01,4,58.973805749347875,False,False,60.232486860203856,False,False,4.301800844817112,False,False,2.4520354281485615
arima_garch,2022-03-01,5,37.99852301713596,False,True,21.600454961822965,True,True,4.494503775347399,False,False,2.3546873188304747
arima_garch,2022-03-01,6,46.211787128208435,False,True,32.69211494634904,False,True,5.2177583224259925,False,False,2.7580187265791274
arima_garch,2022-03-01,7,49.361530755365514,False,True,62.87400167453623,False,True,5.68249692195582,False,False,3.066015856726428
arima_garch,2022-03-01,8,37.29859696238907,False,True,33.28544906614472,False,True,5.822003956120246,False,False,3.00885965611816
arima_garch,2022-03-01,9,28.997245479405173,True,True,17.136745752778516,True,True,5.798996028110819,False,False,2.9134637899609466
arima_garch,2022-03-01,10,20.345668833087366,True,True,23.172314786094788,True,True,5.782767804740214,False,False,2.8787519398483385
arima_garch,2022-03-01,11,21.094920650375066,True,True,38.352200923031184,False,True,5.7699731917910775,False,False,2.904058579889447
arima_garch,2022-03-01,12,22.544890041611097,True,True,32.682559091012735,False,True,5.761436496554811,False,False,2.88011649608314
arima_garch,2022-04-01,1,5.240781888856478,True,True,6.329265093624739,True,True,3.7648582460448647,False,False,1.998127854711282
arima_garch,2022-04-01,2,11.56671644026483,True,True,8.066481002716184,True,True,4.091968946887662,False,False,2.129131154228729
arima_garch,2022-04-01,3,63.913222066168316,False,False,64.0799053068303,False,False,4.426857968778841,False,False,2.5439621376117416
arima_garch,2022-04-01,4,44.15728017620112,False,True,20.599545159193706,False,True,4.563683845572789,False,False,2.4155836534737536
arima_garch,2022-04-01,5,51.646650184069614,False,True,29.90412102492642,False,True,5.2362960491989465,False,False,2.7889573275436756
arima_garch,2022-04-01,6,54.520177331711984,False,True,57.3932655378265,False,True,5.6735156306480095,False,False,3.058934206035576
arima_garch,2022-04-01,7,40.05383808589862,False,True,28.615616322030995,False,True,5.803696254705187,False,False,2.996603825452776
arima_garch,2022-04-01,8,31.538335932550083,False,True,15.618284306487986,True,True,5.764322080734759,False,False,2.8861145734535034
arima_garch,2022-04-01,9,21.95432388991526,True,True,24.66007464143373,True,True,5.7359440487418025,False,False,2.836063017471705
arima_garch,2022-04-01,10,21.73378459166551,True,True,40.46936463505292,False,True,5.71814475119639,False,False,2.860016014738196
arima_garch,2022-04-01,11,23.25234982964851,True,True,33.44779846967424,False,True,5.706509635587852,False,False,2.8207472602732473
arima_garch,2022-04-01,12,25.97916811009764,True,True,36.93039226579658,False,True,5.6997229154347595,False,False,2.8110401026757685
arima_garch,2022-05-01,1,11.653536283522758,False,True,4.72673065678873,True,True,4.577694489046268,False,False,2.4246582531162555
arima_garch,2022-05-01,2,65.59462356982243,False,False,68.16049835341641,False,False,4.775208001866163,False,False,2.725021514964773
arima_garch,2022-05-01,3,41.813474438196025,False,True,21.90441603236636,False,True,4.798311971319057,False,False,2.52634191977311
arima_garch,2022-05-01,4,49.66072663592429,False,True,34.989845266997484,False,True,5.3864418123413165,False,False,2.8584169824600654
arima_garch,2022-05-01,5,50.87838383199591,False,True,61.96348310796387,False,False,5.783235642824682,False,False,3.104093193826149
arima_garch,2022-05-01,6,35.63646386718942,False,True,30.471661139230562,False,True,5.870607330588665,False,False,3.00657935665041
arima_garch,2022-05-01,7,28.087111381483894,False,True,15.211160995213433,True,True,5.804743987813667,False,False,2.8851457286979
arima_garch,2022-05-01,8,17.445516906046784,True,True,24.652874275095535,True,True,5.774179846618065,False,False,2.828070962362446
arima_garch,2022-05-01,9,20.450863831698463,True,True,40.210202873491404,False,True,5.744428205967647,False,False,2.8311747458326626
arima_garch,2022-05-01,10,22.502536238088815,True,True,32.07813774847836,True,True,5.728206283859153,False,False,2.7833178908116976
arima_garch,2022-05-01,11,24.837518105199194,True,True,35.1151132668718,False,True,5.7150445740217695,False,False,2.771709022414836
arima_garch,2022-05-01,12,35.353902263674094,True,True,37.046514632874505,False,True,5.706660724207842,False,False,2.8101836303474137
arima_garch,2022-06-01,1,75.91021874329154,False,False,78.21783864364683,False,False,5.212822336967195,False,False,2.986318139723093
arima_garch,2022-06-01,2,52.14599488519853,False,False,22.822377069753763,False,True,5.0660333491849965,False,False,2.6805336406500193
arima_garch,2022-06-01,3,58.37336471109252,False,False,33.52270435077563,False,True,5.580571947869644,False,False,2.9422765628749996
arima_garch,2022-06-01,4,62.28875224107788,False,False,61.530692924663164,False,False,5.921667652141484,False,False,3.1615890560978137
arima_garch,2022-06-01,5,44.39533138619886,False,True,28.793149103637198,False,True,5.9755438492752635,False,False,3.0514942981390907
arima_garch,2022-06-01,6,32.60230654383706,False,True,11.891820245903482,True,True,5.8805158383044445,False,False,2.9173632281769573
arima_garch,2022-06-01,7,19.305257271768795,True,True,25.952260967562836,False,True,5.8252257826500795,False,False,2.8453410690216137
arima_garch,2022-06-01,8,20.907160822889978,True,True,46.34199505823807,False,True,5.783378394463523,False,False,2.857923948418951
arima_garch,2022-06-01,9,24.432007847617598,True,True,36.11997313676152,False,True,5.755501540636438,False,False,2.8055153500484002
arima_garch,2022-06-01,10,27.051609587418646,True,True,39.181171436617106,False,True,5.738704649641255,False,False,2.790017603598646
arima_garch,2022-06-01,11,37.02243636486532,True,True,42.878640619730824,False,True,5.726554457250569,False,False,2.8179465139199773
arima_garch,2022-06-01,12,35.09383091431067,True,True,41.693688138622605,False,True,5.718899282667974,False,False,2.784497160798837
arima_garch,2022-07-01,1,56.07459351245303,False,False,32.97705555958943,False,False,5.555909105476404,False,False,2.9583348288510893
arima_garch,2022-07-01,2,59.3706937585054,False,False,40.95310943348382,False,False,5.931445786892601,False,False,3.1284456329905637
arima_garch,2022-07-01,3,60.83356906368442,False,False,67.13860221748737,False,False,6.159150123723522,False,False,3.2682742622659346
arima_garch,2022-07-01,4,41.35861757131103,False,True,27.509266546416093,False,True,6.143267197203091,False,False,3.10769994437959
arima_garch,2022-07-01,5,29.252732216087104,False,True,12.94733194339969,True,True,6.017068140302682,False,False,2.9417491493345533
arima_garch,2022-07-01,6,15.94624721232259,True,True,25.205384930533874,False,True,5.926591301004433,False,False,2.864106172755367
arima_garch,2022-07-01,7,19.192253784121682,True,True,43.340680243502085,False,True,5.870703718259392,False,False,2.850707555985225
arima_garch,2022-07-01,8,21.75529818823945,True,True,34.20574324970198,False,True,5.832917327154125,False,False,2.796685792706892
arima_garch,2022-07-01,9,25.24634541876903,True,True,36.772773302781566,False,True,5.808016377695123,False,False,2.773361005671086
arima_garch,2022-07-01,10,35.543233731012684,True,True,39.327194645405086,False,True,5.788144366388047,False,False,2.793053053766796
arima_garch,2022-07-01,11,32.6323191560213,True,True,41.061678583692576,False,True,5.7751483166277495,False,False,2.757517844006286
arima_garch,2022-07-01,12,32.271100816527124,True,True,35.47497941307072,False,True,5.718273541257092,False,False,2.686175555110357
arima_garch,2022-08-01,1,65.68701313271362,False,False,48.904106086127626,False,False,6.327054883840335,False,False,3.3359859505641105
arima_garch,2022-08-01,2,63.68894642426238,False,False,75.29530781032204,False,False,6.401871190977601,False,False,3.3724806020947518
arima_garch,2022-08-01,3,44.343520610919676,False,True,35.400804254972954,False,True,6.286020641475369,False,False,3.167701890858363
arima_garch,2022-08-01,4,28.710509827703156,False,True,12.27183205274941,True,True,6.0996075029045,False,False,2.97526270055852
arima_garch,2022-08-01,5,14.94574271155934,True,True,19.698906396627518,False,True,5.964528860829428,False,False,2.8626972966196806
arima_garch,2022-08-01,6,16.581691318564154,True,True,39.854062677153564,False,True,5.881340861881977,False,False,2.836351184414801
arima_garch,2022-08-01,7,18.69224303667083,True,True,32.8258956574784,False,True,5.82225453696635,False,False,2.774871252143538
arima_garch,2022-08-01,8,21.488734291279762,True,True,36.438018750517,False,True,5.78480066361296,False,False,2.730291566036086
arima_garch,2022-08-01,9,32.9164095272578,False,True,39.0316029789232,False,True,5.7564552936517135,False,False,2.7328913894062996
arima_garch,2022-08-01,10,32.52068725672427,True,True,37.48892730640974,False,True,5.736621597242545,False,False,2.696092920659056
arima_garch,2022-08-01,11,29.693131885160795,True,True,28.601898853370663,True,True,5.674748560401007,False,False,2.6159025465433436
arima_garch,2022-08-01,12,31.76421678965591,True,True,17.437459022209595,True,True,4.716215684612011,False,False,2.124599701377448
arima_garch,2022-09-01,1,69.08647844073167,False,False,83.82176680961064,False,False,6.821750876275817,False,False,3.549004378352584
arima_garch,2022-09-01,2,41.99003286985369,False,True,38.52148206952161,False,True,6.554525529906187,False,False,3.2350402884734604
arima_garch,2022-09-01,3,26.21954763636178,False,True,11.24055607345323,True,True,6.260650020876614,False,False,2.987017362013514
arima_garch,2022-09-01,4,13.125699723800437,True,True,20.545489101458564,False,True,6.074923122931614,False,False,2.8421306154394466
arima_garch,2022-09-01,5,15.20820128435502,True,True,40.36496259263898,False,True,5.9458876460933485,False,False,2.7715619188035374
arima_garch,2022-09-01,6,19.248200920330213,True,True,31.07347856965064,False,True,5.86076452457892,False,False,2.6878414824085324
arima_garch,2022-09-01,7,20.760921572667854,True,True,32.38048823350588,False,True,5.796244491742621,False,False,2.6436418672924837
arima_garch,2022-09-01,8,33.72183617300667,False,True,38.746551151787756,False,True,5.746313922504217,False,False,2.651335733959815
arima_garch,2022-09-01,9,29.39473273939604,True,True,36.957176094753756,False,True,5.718784268982826,False,False,2.6029018270739424
arima_garch,2022-09-01,10,30.021214753754933,True,True,30.143819651794864,False,True,5.657347928815653,False,False,2.537108745505355
arima_garch,2022-09-01,11,32.70434229146736,True,True,18.064690539625836,True,True,4.692846076654717,False,False,2.0532105954247992
arima_garch,2022-09-01,12,34.46144912458336,True,True,20.524826861894006,True,True,4.054010087677966,False,False,1.7702789824288203
arima_garch,2022-10-01,1,55.57355088760553,False,False,46.11800576611234,False,False,7.059571262017394,False,False,3.483350459537826
arima_garch,2022-10-01,2,34.84767735479829,False,False,9.241779926032745,True,True,6.621404797429264,False,False,3.1455815322012413
arima_garch,2022-10-01,3,13.639922006932323,True,True,25.094308548661648,False,True,6.320135557676725,False,False,2.9241607659804547
arima_garch,2022-10-01,4,16.299670265464798,True,True,48.74625963533372,False,True,6.107356065923835,False,False,2.8153980779502157
arima_garch,2022-10-01,5,19.15771993989064,True,True,37.99426629774459,False,True,5.988557579179238,False,False,2.7146707933246623
arima_garch,2022-10-01,6,21.228089484461428,True,True,42.850854405543465,False,True,5.9005117950558965,False,False,2.6560978551788588
arima_garch,2022-10-01,7,33.15874152049718,False,True,48.10288702178272,False,True,5.84992407001447,False,False,2.6668083516888226
arima_garch,2022-10-01,8,30.3210433641934,True,True,46.91013565611078,False,True,5.811992697646837,False,False,2.6131076942629754
arima_garch,2022-10-01,9,28.006275950096274,True,True,36.22181430692244,False,True,5.733338538971365,False,False,2.531038518860746
arima_garch,2022-10-01,10,30.850702315640497,True,True,17.082955175984303,True,True,4.764796207867789,False,False,2.054396325123955
arima_garch,2022-10-01,11,33.806188227726096,True,True,17.34572024818113,True,True,4.124489971561197,False,False,1.7689524227816218
arima_garch,2022-10-01,12,39.6217995485277,True,True,33.809680989073534,False,True,3.9474940774130562,False,False,1.7652362299388906
arima_garch,2022-11-01,1,38.266789245916875,False,False,8.05980688658228,False,True,7.046797398233136,False,False,3.312036960592288
arima_garch,2022-11-01,2,13.243871591096614,False,True,29.517900827244336,False,True,6.627774464349186,False,False,3.0400402476409347
arima_garch,2022-11-01,3,15.41933139686169,True,True,57.819361352060085,False,False,6.331466488804584,False,False,2.90463804683256
arima_garch,2022-11-01,4,17.323746130358856,True,True,45.16367548602187,False,False,6.1334473819476925,False,False,2.757246120165639
arima_garch,2022-11-01,5,20.343921523108712,True,True,49.45684191431576,False,True,6.000375476444183,False,False,2.671169693915552
arima_garch,2022-11-01,6,36.13521521971484,False,True,51.799122579413954,False,True,5.913500844555253,False,False,2.657972807597086
arima_garch,2022-11-01,7,29.86791466580094,True,True,48.11334558491143,False,True,5.857725614310643,False,False,2.580407518567906
arima_garch,2022-11-01,8,28.963031367374825,True,True,40.0665166956585,False,True,5.768399124169147,False,False,2.493947419836179
arima_garch,2022-11-01,9,31.79879485523667,False,True,19.310248822741336,True,True,4.791063523612156,False,False,2.0127360089226864
arima_garch,2022-11-01,10,36.643202779202355,False,True,17.15502510751267,True,True,4.144556400234617,False,False,1.7426521206845431
arima_garch,2022-11-01,11,44.69239248113849,False,True,28.509675707429416,True,True,3.9632741568532617,False,False,1.7425772530910133
arima_garch,2022-11-01,12,40.77663311875519,False,True,19.480597744651583,True,True,3.5057331539117045,False,False,1.494688096890702
arima_garch,2022-12-01,1,15.258457736990401,False,True,29.526602252760952,False,False,0.02801693241648459,True,True,0.3160121216872983
arima_garch,2022-12-01,2,12.448154838582365,True,True,50.49065341514799,False,False,0.03269493589063907,True,True,0.4457031380868096
arima_garch,2022-12-01,3,11.419836649202235,True,True,34.894638463203634,False,True,0.033681642099161205,True,True,0.3306505755248302
arima_garch,2022-12-01,4,12.102393588098977,True,True,37.52322221832669,False,True,0.03321083234560103,True,True,0.36033190250820735
arima_garch,2022-12-01,5,14.238715333181776,True,True,42.20687778689338,False,True,0.03339302310727699,True,True,0.4175158520467043
arima_garch,2022-12-01,6,13.809700115060942,True,True,42.45857819050521,False,True,0.033429490877412524,True,True,0.41993941860654904
arima_garch,2022-12-01,7,15.76802354933919,True,True,34.431431996587,False,True,0.037376585902103326,True,True,0.37237508300079014
arima_garch,2022-12-01,8,18.21084657011326,True,True,16.725041201833086,True,True,0.8956566618673782,False,False,0.41234911830579135
arima_garch,2022-12-01,9,20.11334688933011,True,True,17.020669777575293,True,True,1.5256597038864739,False,False,0.6002395841807797
arima_garch,2022-12-01,10,22.78275961798684,True,True,35.03949648355175,False,True,1.6956088983575774,False,False,0.7511108031972028
arima_garch,2022-12-01,11,22.189782777545055,True,True,19.5546921582156,True,True,2.14561310903344,False,False,0.8087437537632
arima_garch,2022-12-01,12,21.647433904139888,True,True,18.73207639386151,True,True,2.4256109945103943,False,False,0.8950447602122685
arima_garch,2023-01-01,1,12.825382956756549,False,True,55.17822596738094,False,False,0.02716026082263008,True,True,0.4926933629793986
arima_garch,2023-01-01,2,8.69544773253217,True,True,37.875228304058055,False,True,0.028566443652319473,True,True,0.3374233205818932
arima_garch,2023-01-01,3,10.94091976861139,True,True,42.251336638629596,False,True,0.029367356433168276,True,True,0.3812062410789509
arima_garch,2023-01-01,4,14.694533554230556,True,True,46.109014716532016,False,True,0.029081926173988054,True,True,0.43783283160713843
arima_garch,2023-01-01,5,13.026146036709658,True,True,43.81581163698546,False,True,0.028621050455002697,True,True,0.42030082744920494
arima_garch,2023-01-01,6,12.546093918254169,True,True,35.15620147633546,False,True,0.03356462078281314,True,True,0.3515679072725991
arima_garch,2023-01-01,7,15.317260563774973,True,True,14.853130741397322,True,True,0.9070153068067364,False,False,0.3834206162095951
arima_garch,2023-01-01,8,16.244779768065953,True,True,14.866551348224306,True,True,1.5370043926729795,False,False,0.5775367260741046
arima_garch,2023-01-01,9,21.805681405739925,True,True,30.78304189401738,False,True,1.707042709539881,False,False,0.7341530790202232
arima_garch,2023-01-01,10,17.358500095934794,True,True,16.728895006277803,True,True,2.1570386634618717,False,False,0.7920366259495633
arima_garch,2023-01-01,11,15.196540667503243,True,True,16.6838598136192,True,True,2.437033079420074,False,False,0.8735854259677223
arima_garch,2023-01-01,12,15.111639318241487,True,True,23.521717669251096,True,True,2.907026903840587,False,False,1.0656471118441548
arima_garch,2023-02-01,1,7.956054144724456,True,True,44.018054694816314,False,False,0.02705344952884875,True,True,0.38031309190039914
arima_garch,2023-02-01,2,9.345946688339406,True,True,44.42329305956303,False,False,0.029436117706278353,True,True,0.3794671931983462
arima_garch,2023-02-01,3,11.493338465167856,True,True,44.83876027618195,False,False,0.030057341268605223,True,True,0.3961668210242978
arima_garch,2023-02-01,4,12.920643510668373,True,True,40.90210334046276,False,True,0.030349877420532967,True,True,0.37422256804455406
arima_garch,2023-02-01,5,13.816634025181976,True,True,30.57584664944107,False,True,0.04038414420551034,True,True,0.3205567674481191
arima_garch,2023-02-01,6,14.89240835522137,True,True,14.915300447240739,True,True,0.9135017139295654,False,False,0.3830666096992008
arima_garch,2023-02-01,7,17.229947522895003,True,True,19.175152949517013,True,True,1.5396055012537895,False,False,0.578499278203691
arima_garch,2023-02-01,8,22.777118089062434,True,True,34.79693794376814,False,True,1.7096007700229159,False,False,0.7353181818262402
arima_garch,2023-02-01,9,19.054570818615552,True,True,20.48798835176821,True,True,2.1596051927611284,False,False,0.7855865618488163
arima_garch,2023-02-01,10,19.84411356307112,True,True,20.563136012171064,True,True,2.43960657930749,False,False,0.8611220629921408
arima_garch,2023-02-01,11,21.614513806529573,True,True,26.69858149895402,True,True,2.9096074357325117,False,False,1.044940434208296
arima_garch,2023-02-01,12,22.18797268185555,True,True,53.299598504432915,False,True,3.9096091719347617,False,False,1.512960551880423
arima_garch,2023-03-01,1,8.485898349099363,True,True,49.51133756715167,False,False,0.02760674603173678,True,True,0.41596825628125605
arima_garch,2023-03-01,2,11.28491766645795,True,True,46.74353218570003,False,False,0.03131115140584724,True,True,0.40608467945262117
arima_garch,2023-03-01,3,10.217687853495068,True,True,40.82336369304889,False,True,0.032004960494530665,True,True,0.3658100297765615
arima_garch,2023-03-01,4,11.881459615605046,True,True,28.246514223141713,False,True,0.04102423074012741,True,True,0.29461111763384257
arima_garch,2023-03-01,5,15.02993578806042,True,True,11.760310120517318,True,True,0.9245254889560864,False,False,0.37081508334658325
arima_garch,2023-03-01,6,19.20014844605275,True,True,18.955992459891938,True,True,1.555207156822485,False,False,0.5876899243578293
arima_garch,2023-03-01,7,25.29453711470949,True,True,40.47709848694307,False,True,1.725305067948008,False,False,0.7720168674664158
arima_garch,2023-03-01,8,23.07697239784028,True,True,19.437534633569,True,True,2.1753251340407647,False,False,0.7938183423628462
arima_garch,2023-03-01,9,21.436080591050292,True,True,16.319847649872628,True,True,2.4553313055825097,False,False,0.8566039020448801
arima_garch,2023-03-01,10,23.572048118294028,True,True,28.527839405923054,True,True,2.925326155964387,False,False,1.0563911806805877
arima_garch,2023-03-01,11,24.930180324690525,True,True,61.98627489411764,False,True,3.9253227383117903,False,False,1.5323512707886862
arima_garch,2023-03-01,12,22.356930762879387,True,True,64.56973554759233,False,True,3.9253261171137033,False,False,1.5199291533745676
arima_garch,2023-04-01,1,7.861671841696392,True,True,52.899713775306296,False,False,0.02436180180589337,True,True,0.4385642855008439
arima_garch,2023-04-01,2,7.951278121358129,True,True,42.29961459732762,False,False,0.026127315999821585,True,True,0.3600971368751201
arima_garch,2023-04-01,3,9.436349704319206,True,True,28.23710795760062,False,True,0.040993960147481426,True,True,0.27593238700352873
arima_garch,2023-04-01,4,11.325262156364015,True,True,10.815679553048945,True,True,0.9309432474595337,False,False,0.34314854079446255
arima_garch,2023-04-01,5,15.113443799159526,True,True,17.15274114697189,True,True,1.5594694707509773,False,False,0.558695267294204
arima_garch,2023-04-01,6,19.462746579953752,True,True,38.70269409326536,False,True,1.7296752713926613,False,False,0.7303584746493231
arima_garch,2023-04-01,7,16.236036244481532,True,True,20.094624805060462,True,True,2.1796091936482487,False,False,0.7549744628476717
arima_garch,2023-04-01,8,15.195756248816025,True,True,18.293031829235822,True,True,2.4596336716349123,False,False,0.8273870560934906
arima_garch,2023-04-01,9,17.384848077040182,True,True,28.809174559300608,True,True,2.929627887117567,False,False,1.026170385397883
arima_garch,2023-04-01,10,18.800718957327902,True,True,65.75299249645374,False,True,3.9296260502586393,False,False,1.5151058482525044
arima_garch,2023-04-01,11,17.50556347998434,True,True,67.22625095420622,False,True,3.929623251534115,False,False,1.5053475593902137
arima_garch,2023-04-01,12,26.17804056081296,True,True,58.58084394147716,False,True,4.609622177503993,False,False,1.727890771468903
arima_garch,2023-05-01,1,5.330491490405812,True,True,48.985207716245185,False,False,0.03052572202997199,True,True,0.40093324914119455
arima_garch,2023-05-01,2,8.199808305338124,True,True,30.147138195731717,False,True,0.03974951373105784,True,True,0.27747092841366006
arima_garch,2023-05-01,3,11.498797619312047,True,True,9.765270828714396,True,True,0.8963989875039389,False,False,0.3377140677865969
arima_garch,2023-05-01,4,15.438920262117506,True,True,15.10132835792486,True,True,1.525387940849999,False,False,0.5492912657535589
arima_garch,2023-05-01,5,22.14191243607315,False,True,38.360339568463246,False,True,1.6954910393428273,False,False,0.7396550094140335
arima_garch,2023-05-01,6,16.819091143203444,True,True,15.996184300474411,True,True,2.1454723276827337,False,False,0.7384617862415843
arima_garch,2023-05-01,7,16.715560030872105,True,True,14.091200317003697,True,True,2.4254354148418438,False,False,0.8111820884126453
arima_garch,2023-05-01,8,17.878964967643356,True,True,26.182207100486544,True,True,2.895473868406725,False,False,1.004845840004323
arima_garch,2023-05-01,9,18.7267131828077,True,True,60.5278637210638,False,True,3.89548534793725,False,False,1.4571694909688384
arima_garch,2023-05-01,10,18.606044776036413,True,True,60.1443237056796,False,True,3.895503307641798,False,False,1.4405496140608784
arima_garch,2023-05-01,11,26.584593828700477,True,True,53.459421266808846,False,True,4.5755105786218335,False,False,1.6541428900202488
arima_garch,2023-05-01,12,39.416900529615106,False,True,31.98546171548052,True,True,4.78551024698697,False,False,1.6931005276837259
arima_garch,2023-06-01,1,5.250657918398012,True,True,36.2479683233513,False,False,0.036742510836770825,True,True,0.3013464834998528
arima_garch,2023-06-01,2,7.647246377164443,True,True,9.160327397560117,True,True,0.9092543173628193,False,False,0.3097768740462237
arima_garch,2023-06-01,3,10.463049310274656,True,True,17.062664320551125,True,True,1.5331768577656106,False,False,0.5337408747954706
arima_garch,2023-06-01,4,15.60645250815709,True,True,39.139922448364175,False,True,1.7025505777145,False,False,0.7109854228341572
arima_garch,2023-06-01,5,13.075677412862102,True,True,18.47995719877305,True,True,2.152667049670281,False,False,0.7250836266520628
arima_garch,2023-06-01,6,13.608331973193685,True,True,16.99557366735391,True,True,2.4326474786327767,False,False,0.795985418233706
arima_garch,2023-06-01,7,13.959436377324785,True,True,29.43071768175735,True,True,2.9027742386861544,False,False,0.9946936190714248
arima_garch,2023-06-01,8,14.873458173874319,True,True,66.01968083746928,False,True,3.9028109485228657,False,False,1.4836410691999373
arima_garch,2023-06-01,9,18.288507538034224,True,True,67.93081474407839,False,True,3.902812102331587,False,False,1.4843335818817165
arima_garch,2023-06-01,10,33.8166799325297,False,True,61.73180937198435,False,True,4.58280606192771,False,False,1.7397810367193898
arima_garch,2023-06-01,11,53.409768842877455,False,True,38.13924113190721,False,True,4.792803108641269,False,False,1.7938707765462334
arima_garch,2023-06-01,12,35.98105817489413,False,True,43.36124317268122,False,True,5.242800964220697,False,False,1.8791553068253717
arima_garch,2023-07-01,1,6.0972014511504895,True,True,7.313445329577444,True,True,0.9245860374374721,False,False,0.3193312893658051
arima_garch,2023-07-01,2,9.624787230804174,True,True,13.050634199961255,True,True,1.536423085112368,False,False,0.5348901607444546
arima_garch,2023-07-01,3,16.65309603427468,False,True,44.79817945881066,False,True,1.7061997749649525,False,False,0.7531608857420964
arima_garch,2023-07-01,4,12.739627519714393,True,True,16.603137604684427,True,True,2.155056234010256,False,False,0.7362872840417041
arima_garch,2023-07-01,5,12.670734670692955,True,True,14.17925250824268,True,True,2.433801076649406,False,False,0.7993699734294671
arima_garch,2023-07-01,6,13.713090750895226,True,True,30.875627042003593,False,True,2.904176856187964,False,False,1.0071579331503908
arima_garch,2023-07-01,7,15.016435840508116,True,True,70.55442001062139,False,True,3.9041245447252795,False,False,1.4866200884600207
arima_garch,2023-07-01,8,16.171935481764415,True,True,76.64575649011718,False,True,3.90413575245344,False,False,1.494120767695037
arima_garch,2023-07-01,9,23.505151220406475,True,True,68.27045785354267,False,True,4.584132191691772,False,False,1.6789272897669225
arima_garch,2023-07-01,10,37.77452499042459,False,True,33.75691923731493,False,True,4.794132420162114,False,False,1.6777746103039144
arima_garch,2023-07-01,11,26.99435691261627,True,True,42.092216344723916,False,True,5.2441403618594284,False,False,1.798866428266883
arima_garch,2023-07-01,12,25.383410388686634,True,True,48.563685732322924,False,True,5.404131991367441,False,False,1.851823643667116
arima_garch,2023-08-01,1,6.61261865612045,True,True,10.21554495068953,False,True,1.55467346355846,False,False,0.5481276294236728
arima_garch,2023-08-01,2,15.775904297956636,False,True,44.05175201561034,False,False,1.7190520332739567,False,False,0.7463103974005563
arima_garch,2023-08-01,3,12.46794641453534,True,True,16.217657245712477,True,True,2.1577432581646443,False,False,0.737285026133538
arima_garch,2023-08-01,4,11.261818053903344,True,True,12.812831241337058,True,True,2.4370413696878384,False,False,0.798370569020039
arima_garch,2023-08-01,5,13.541899096746302,True,True,27.789681395545017,False,True,2.9063976271484906,False,False,0.9995747735099075
arima_garch,2023-08-01,6,16.314895565559496,True,True,68.89583868277614,False,False,3.906300547092938,False,False,1.4788488038161813
arima_garch,2023-08-01,7,15.571543014907455,True,True,71.08124010296024,False,True,3.9061008464392026,False,False,1.464982572620496
arima_garch,2023-08-01,8,24.11340519700822,True,True,65.23814965003578,False,True,4.586092181382912,False,False,1.6686341780739742
arima_garch,2023-08-01,9,39.869711797297825,False,True,35.78368984540895,False,True,4.796113220603967,False,False,1.6978351962418352
arima_garch,2023-08-01,10,28.352892059393078,True,True,40.85897076449625,False,True,5.246114704389439,False,False,1.8153906669757285
arima_garch,2023-08-01,11,24.549892349976943,True,True,47.632135363376776,False,True,5.40611413661084,False,False,1.8633293615651259
arima_garch,2023-08-01,12,20.098520887010892,True,True,42.42958841577268,False,True,5.406120441345674,False,False,1.8223598909305019
arima_garch,2023-09-01,1,17.065833573900086,False,True,49.99772891187231,False,False,1.7139795260718467,False,False,0.7823892537441993
arima_garch,2023-09-01,2,11.143453328460414,True,True,15.779337015663845,False,True,2.1568522818090066,False,False,0.7487781135769425
arima_garch,2023-09-01,3,9.917598848030952,True,True,11.535337432838457,True,True,2.4315100429776546,False,False,0.7949482029205728
arima_garch,2023-09-01,4,14.056469568988344,True,True,27.417911023960794,False,True,2.900282834122286,False,False,0.9972410068461537
arima_garch,2023-09-01,5,15.086662655662764,True,True,71.37025553135909,False,False,3.9021299447769975,False,False,1.475090326453901
arima_garch,2023-09-01,6,13.416302250829936,True,True,71.18286506254884,False,True,3.901894242535101,False,False,1.4574716752502275
arima_garch,2023-09-01,7,21.905307225595315,True,True,65.33818109487886,False,True,4.581690017301673,False,False,1.6682478674205876
arima_garch,2023-09-01,8,36.356681406953456,False,True,34.40217991515972,False,True,4.791748000827031,False,False,1.667521538340164
arima_garch,2023-09-01,9,28.50222003603212,True,True,36.88006259051115,False,True,5.241757080856914,False,False,1.7754389358399225
arima_garch,2023-09-01,10,25.525903147517873,True,True,46.27884890485236,False,True,5.401752322549748,False,False,1.8236172848421788
arima_garch,2023-09-01,11,22.956583807939722,True,True,44.35667990991143,False,True,5.401759869225339,False,False,1.7933356944464567
arima_garch,2023-09-01,12,25.91820093836988,True,True,39.89683335079181,False,True,5.62176145205487,False,False,1.8478696653727447
arima_garch,2023-10-01,1,11.039092341846207,False,True,13.79319497301618,False,True,2.1766115159272315,False,False,0.7850469601928703
arima_garch,2023-10-01,2,7.960861287503793,True,True,11.051139140592916,True,True,2.449289130970907,False,False,0.8239047093863748
arima_garch,2023-10-01,3,10.383492564235098,True,True,31.757173090201874,False,True,2.918091915959373,False,False,1.0318276334815457
arima_garch,2023-10-01,4,11.324082132929071,True,True,81.62726801177722,False,False,3.9160472449857155,False,False,1.5271289385486742
arima_garch,2023-10-01,5,11.005515358624159,True,True,85.55727646818275,False,False,3.9151348242064854,False,False,1.516234057625172
arima_garch,2023-10-01,6,24.0215135063872,False,True,78.72018173644278,False,False,4.595041400430803,False,False,1.7347784320762765
arima_garch,2023-10-01,7,39.58927456919829,False,True,42.962540263193574,False,True,4.805176123407776,False,False,1.7333184951441267
arima_garch,2023-10-01,8,29.354487665171256,False,True,50.78227408185092,False,True,5.255253209272385,False,False,1.8500893941252854
arima_garch,2023-10-01,9,24.806964531196407,True,True,57.190575707183136,False,True,5.415255194656571,False,False,1.8936400627089531
arima_garch,2023-10-01,10,20.34703553426325,True,True,49.79669417473861,False,True,5.415272993934342,False,False,1.8398942826527238
arima_garch,2023-10-01,11,23.80254260576958,True,True,46.873322851515574,False,True,5.635282829150658,False,False,1.910276170946584
arima_garch,2023-10-01,12,29.530437115036413,True,True,51.28138422295634,False,True,5.765281922183905,False,False,1.9691219273176221
arima_garch,2023-11-01,1,5.229262392915878,True,True,7.464863864953919,True,True,2.449101267499989,False,False,0.839700908804691
arima_garch,2023-11-01,2,8.324640604518954,True,True,29.047252873494173,False,True,2.904129077727258,False,False,1.0271954052179408
arima_garch,2023-11-01,3,12.515909953698301,True,True,76.46969456185283,False,False,3.900580624569501,False,False,1.5030091236847027
arima_garch,2023-11-01,4,13.048184798989283,True,True,75.90146876287028,False,False,3.902686125276017,False,False,1.46811761524331
arima_garch,2023-11-01,5,21.293891796986642,True,True,69.37562537639425,False,False,4.583117240861242,False,False,1.6778546191605823
arima_garch,2023-11-01,6,35.894337624836815,False,True,34.97905355706261,False,True,4.7930502403900554,False,False,1.675587675676962
arima_garch,2023-11-01,7,23.693186572608504,True,True,39.828649145939295,False,True,5.24304471551534,False,False,1.7883479818484211
arima_garch,2023-11-01,8,20.115458587286263,True,True,52.85566645619335,False,True,5.4030633648425965,False,False,1.8471681161169582
arima_garch,2023-11-01,9,18.54997819248853,True,True,47.68207522206875,False,True,5.403048064635634,False,False,1.807806471959781
arima_garch,2023-11-01,10,21.240771282229183,True,True,43.43496483476718,False,True,5.6230540903501405,False,False,1.865057276982189
arima_garch,2023-11-01,11,24.381663476747164,True,True,48.44032437301068,False,True,5.753058783209578,False,False,1.9292723447439002
arima_garch,2023-11-01,12,22.027339875735308,True,True,75.7909442414824,False,True,5.903061876453529,False,False,2.044094049430841
arima_garch,2023-12-01,1,5.463612691549942,True,True,24.096889038876377,False,True,0.15740719034025238,False,True,0.20968463104968044
arima_garch,2023-12-01,2,8.567022196445034,True,True,74.65302099543726,False,False,0.9066965588800031,False,False,0.6676970157167675
arima_garch,2023-12-01,3,10.168838069232145,True,True,74.21360479401706,False,False,0.7746707232648408,False,False,0.6464851041886017
arima_garch,2023-12-01,4,26.980080520445288,False,True,62.631649166123125,False,False,1.3442800576178773,False,False,0.7756238978807206
arima_garch,2023-12-01,5,50.12337052017594,False,True,28.200850810434755,False,True,1.4627826486995887,False,False,0.8074449152605994
arima_garch,2023-12-01,6,34.94492808754446,False,True,31.40708351178141,False,True,1.8560740295837523,False,False,0.7920882929595369
arima_garch,2023-12-01,7,29.121175424224703,False,True,37.9287149060552,False,True,1.97465376319336,False,False,0.8044343694315431
arima_garch,2023-12-01,8,20.387937861601223,True,True,30.13624189403746,False,True,1.9401853474627024,False,False,0.7164430092703244
arima_garch,2023-12-01,9,24.585063418796807,True,True,27.962550199475643,True,True,2.1371694288236807,False,False,0.7757648398192653
arima_garch,2023-12-01,10,31.59569883181686,True,True,32.69734138728541,False,True,2.248344946207852,False,False,0.8559835293650389
arima_garch,2023-12-01,11,22.959726092006555,True,True,59.07032579719358,False,True,2.3861248036890697,False,False,0.9562163519796765
arima_garch,2023-12-01,12,22.027696062456698,True,True,67.30072176128262,False,True,2.476117055414072,False,False,1.0121286340025641
